"","V1","V2","V3","V4","V5","V6","V7","V8","V9","V10","V11","V12","V13","V14","V15","V16","V17","V18","V19","V20","V21","V22","V23","V24","V25","V26","V27","V28","V29","V30","V31","V32","V33","V34","V35","V36","V37","V38","V39","V40","V41","V42","V43","V44","V45","V46","V47","V48","V49","V50","V51","V52","V53","V54","V55","V56","V57","V58","V59","V60","V61","V62","V63","V64","V65","V66","V67","V68","V69","V70","V71","V72","V73","V74","V75","V76","V77","V78","V79","V80","V81","V82","V83","V84","V85","V86","V87","V88","V89","V90","V91","V92","V93","V94","V95","V96","V97","V98","V99","V100"
"1",18.8194747650052,15.9541596700323,17.5062234520944,14.1570075790671,19.0234568179921,19.6524720179226,9.37418716231782,13.9463827228343,13.4574160439246,10.7432319082163,21.4288324843455,7.91546216737957,12.0507814205091,23.2450157702874,14.418316804468,15.771494001467,18.6996216586803,15.0815398154465,18.7862706514509,19.4362356123944,17.0800374482471,13.6383929754806,20.9969602169074,13.9463043439271,18.0631274488507,15.3314041126203,17.7735234550922,13.7203928771379,18.7287075148188,17.3681334557989,6.44260725763575,11.06266435971,17.5345982604012,13.5596487869051,21.012273376958,17.0034536787951,16.3004914428217,19.6861516560926,16.1066231143362,13.6105941096681,21.1746619818117,17.6600451689492,8.54683989401595,7.91147235002853,13.0764176665039,16.1183611532938,15.0921415773734,10.7941897339145,11.3682620421594,19.5242938207627,20.6532058426895,12.2233456261661,17.6509332496155,10.960532316327,20.0907694653256,8.41009834506077,24.5511506951559,15.5315133491769,9.08005639603364,13.2032289852485,13.6484746424129,23.5458896959341,16.7755701982952,15.9153740689951,17.8854669500355,21.2158393433689,16.9589556890464,12.3558107868352,19.0753768044896,16.5075504710523,11.6529147802868,13.0810897196471,12.4294359505451,19.1615746965272,13.156503020945,16.0313295017937,12.1043178169392,15.6766130292233,14.4437656523496,22.00611042558,12.1847399783344,15.867767876766,14.2654081000407,12.4072498358592,16.5428393994901,10.2869900327617,17.5206161825835,13.5308393653267,8.41637761004203,10.6535074269094,15.5551431642752,14.9667694509926,9.20549669722007,14.9564096839067,15.7616200249242,17.339891807734,12.8135364076961,20.2187762435526,11.9610282162769,21.1149882225672
"2",12.8624932481823,10.3626316852219,7.25898702141386,15.5554261646951,18.6023047250508,9.93878806090695,15.899068759479,12.2613218687241,12.6032076498475,18.6003608967223,17.8861311119474,17.3678333340316,12.2885188143552,15.0930586478457,16.104882962887,11.651649667543,19.776098493906,21.5182403875941,9.31402638461683,17.3987762453036,10.3155376741129,11.3170454087212,16.7312287786049,19.6495870603627,20.964233026344,16.6289267929829,6.65397915594238,12.0868772855963,15.4753768152815,16.5952460842703,10.7544935611616,13.1588339986728,12.0815674534069,17.1019285444293,15.6241224105135,13.7046949727653,16.4592215109607,17.1515517548089,13.7855844661824,14.5275982758279,14.6515488900947,10.885536782771,16.2248904816205,18.9103851167448,16.1645459889448,21.6081369055577,12.6633939715996,16.3036120558839,19.1215502442676,15.0222454692897,18.4407485252669,15.5209308630854,15.220579558767,15.269566295561,17.9389560749085,14.8856251802797,20.4081614535071,12.9817790302075,8.5996720983063,15.2684025149012,10.914773555312,10.6447478722303,10.5913684569606,15.5104968919838,10.5916839575499,20.0698896304679,18.7792790090394,16.1785908654243,15.3163042343001,5.75027542817249,29.0467217235218,19.4234000632695,18.5844549258755,11.7060601562478,10.6818429025265,10.3844985719668,19.7070634647716,19.1622034920744,12.4341737643992,14.4827099275218,10.8923321726302,11.6420724560897,18.1210993602339,16.7988121245569,14.8572140151059,10.3713581027601,18.0650827433317,16.6504427861956,16.2929772012241,10.8836202942998,5.58781825694768,15.2087686207008,15.6786349955907,19.3976701890879,11.7966846167416,12.2838614506263,14.5549550799397,15.0155978027638,10.2955285864789,18.5518657393174
"3",17.2855945883483,11.9489747609217,9.43639231610678,22.3486388006598,14.9020343421427,11.4462174584984,7.19407263472735,17.8862765984198,6.56663959635415,5.94682992634393,13.2161745586764,11.5986212108211,17.0910649830286,7.87717513955027,14.0112551696871,8.25724741688769,16.6054571547421,14.7214862107431,14.5152914761649,15.7685448014811,11.2997976625477,14.0290164295375,9.07902616668302,8.22308579205897,21.2033813568575,5.70719721854076,18.7887087381679,23.1177325616623,14.3562129021961,17.7145524988485,8.54095807984212,14.5299816520263,11.3982165299271,15.0253667961213,12.7593297335337,13.4411122779616,16.5771374007427,17.6776389366864,13.2903996255879,8.53005554865316,6.21104326443858,18.264118873285,10.6922047770278,16.2113998088853,16.2664347790196,14.910009002096,12.1509912337753,10.7496471292647,10.3504327447052,13.7300313172969,12.2414198013291,22.4188977618098,11.4913373169797,20.3352765570371,9.30759084381053,15.9376114946737,13.889871676273,9.66125385355886,16.1183998934773,16.6722873864405,12.9021100566132,15.7184700424623,15.8668247313393,21.6389260781716,11.4802851444274,13.7703935973352,12.4000945225943,12.3906642968817,15.094343536321,10.7294366024974,10.3422241719577,8.24482436345311,16.6820351559164,13.4206653266815,12.4714256152918,18.5465117329065,14.9886323243817,15.4987409021334,21.2961614721562,11.835094741913,18.5492526756178,16.5848406585482,13.726956474018,18.0181746819017,13.0539521899298,15.4093481255655,9.97144184542402,19.6747113843681,14.0918277735859,10.3067674574219,9.64404557881745,19.9883425484261,17.3100870551793,13.5796054730897,20.1505164089509,18.8729451243485,12.4440853047408,13.0452632938932,15.7558453524686,13.4630723917201
"4",7.23653533916115,22.2208341825312,9.11216388854022,14.9176255099544,10.4531278078845,4.20084458955335,13.6733313852862,14.1148304830654,7.49703401954437,11.9158739360315,14.6575480407926,12.6969471594816,15.8721447085685,12.2362433899648,16.7548042169887,10.253569395102,9.19617030418955,12.9248367508535,13.0173579273873,10.1897901412561,15.4785855096406,2.17896832738805,12.5479704078248,19.0568467582562,9.74509323620617,14.4823255371984,11.1907128113955,18.2778317569785,14.7714032488784,21.0310596610132,13.4294927301541,12.3277102011188,8.23255785274226,19.2634825797637,13.8761914541943,9.35415256769702,15.3193308999071,14.2507806545486,16.0779242896664,18.7754015988153,11.3572466036127,17.2730264595702,12.6876487706345,15.0004610675787,17.9142121934562,19.4529234028642,13.7322024262734,11.1936749829037,16.2568280354481,13.4947319420351,12.7950731332912,10.2786865006725,17.4745494466516,16.4931190693934,10.7098342903934,15.0066701523039,11.6943852722596,20.4672639200321,15.8155988037275,1.03434014811129,12.1739456318886,15.4218569778497,13.7341762005998,16.1272929131916,11.5597903620689,15.3964154998258,16.2100828092885,9.2674113369623,9.539300015666,14.3002677001752,12.9794551214356,14.7886596200035,12.5723902709865,6.79017449468139,16.1101562853819,13.2941656766692,14.7563635916927,12.8267460659483,12.3338971485,15.2324778159962,15.8201411906122,23.4849892371255,9.69364996286126,4.43112292924772,15.3767758731971,23.4270320491962,10.9742399716354,9.77496919615225,5.04546497293653,4.9075415017135,13.0942856091466,22.2805963586668,11.6078430850065,18.1159015083221,15.2163216784259,11.5263311854196,18.0377575334033,12.5040071737062,14.353582140138,9.54961723059296
"5",13.5374036809593,14.9526234666168,14.0860384847643,19.876129804938,13.1976336551634,16.9950708778991,13.210186809366,12.6063887218415,8.26738951823708,8.97172013792796,11.7718632238633,8.19307992329667,21.3977760570922,6.14863410628575,14.1093399109256,15.787227608722,16.1496341028062,17.2386065710074,7.3423237794732,6.92750306189714,12.4762030498774,5.85695550686329,13.8799006905573,9.19897418228517,10.6898960393555,8.92148790209833,13.3473784394968,11.9973680273163,10.7801619237361,6.77447300972582,15.9846879553059,12.0549304193778,15.1757954292883,10.5054684771214,18.4833746296196,11.8593048709579,12.6953891130112,12.524853714336,9.29165234070797,6.83081977565414,11.9273855598852,10.1202954320155,11.0153620641247,16.9077111034072,12.424825122357,13.291135098904,14.6728468990977,7.17563507779293,11.4716760466992,16.5519792403589,12.5732037043477,10.4978869497002,14.8040712390199,9.39304268240753,9.64146000236492,15.319197792496,15.3150498554561,15.4349155820259,13.8833829725944,12.8363795333334,18.6020348844472,14.2366420735189,6.81618450855246,11.9448447594996,10.6580906803355,12.8257247302509,14.1103123508432,11.7904542231595,17.6485814533014,13.3081609657324,10.3954883464168,12.8727395053852,12.5953967265564,15.61758382129,10.8447112699366,11.5309532341098,19.2452398231665,12.3984869849288,21.7203441169739,14.589430996693,17.1868510126269,5.10918871807655,9.73665540582219,11.4712562695043,12.433312919394,8.40167954777024,11.8721535096222,10.0532525845452,10.408443160469,10.2217800766042,9.49459062426952,13.3944672127074,12.0802216495203,14.9853469825914,21.6717756862511,16.5049924452705,13.0627498662962,8.73092619267289,19.3732022945258,19.4295535868315
"6",15.7493202631128,8.10405215900438,12.9194355888671,10.2227408825959,7.29317681950286,18.219548139006,14.627230909246,10.3644304588846,15.6723589848761,11.8548413916549,10.0528778043522,16.2621816589319,9.34223563883457,11.3472218510671,9.45891957841792,14.6085681679865,9.89505317201743,15.5775258143195,10.230650246576,15.9659921816675,10.5951901915078,8.61221728968332,12.1942718127798,12.8166010993194,10.3871924200641,10.0133838185802,13.5426925505651,14.6193388509199,13.7400105369726,16.6329772210105,10.4616251373037,13.1908663085314,11.8100228543596,13.3467859885114,11.6914775991153,15.1104675615716,17.2952090209355,13.0957504870888,13.6845063198798,11.2255405474635,9.8339455481029,9.21652238619462,8.11591006447536,6.40012536181101,14.9798177685576,13.0642658225762,7.61258273625733,13.503108342867,9.71588069240471,7.94702267884276,12.5724111417608,13.9278540065684,12.2576240678532,11.5910936686112,10.7087598034056,9.78291487475648,20.5459958447005,9.81334802196338,16.7448241742481,9.82876412123137,11.5258872225039,17.2893064969004,7.98166378513943,12.8744909337292,12.134749441009,10.5004940365013,10.3626002728784,13.9382785052716,12.0267188540763,12.2907666122164,9.46665513207505,10.3232021857597,13.8751017614682,10.8056775258501,10.8026081128741,13.9465861415857,12.5435053388795,15.1847620377127,11.8413397439806,7.5017208613275,13.7395671503978,7.73085625539679,11.8380193530701,10.7425499328073,13.151383718648,12.6916560795134,3.70190193910386,13.4917684938981,14.2831303625473,18.7007532925685,14.1652654910468,11.7590831523325,7.20389805554685,18.1932493804143,15.4275182711053,13.497081987035,8.17529168188169,15.585284143685,10.4483431269734,13.1088134187986
"7",15.663261123727,10.5634905521673,13.5294177614098,11.4550286687133,12.6752653788224,18.2242786746228,5.9619912639711,11.2817187349311,9.26349162427359,9.38763951993073,10.3726522636971,10.5589728318281,8.06065690839468,5.83624979882607,10.6189934426556,14.9910446400783,13.1068011000068,11.078934833093,9.4323430944328,18.2811689339341,15.6086800918104,7.52636227514993,9.12210674704559,8.52068108412513,12.2663576302468,10.4068385309362,7.29078156584062,13.0280218928637,10.9122189709205,9.66700669456573,4.49818945928426,15.3754067251378,15.8506678429875,12.7652146370725,12.9917513111627,14.9135040390206,5.10277752838441,6.35702112652032,9.52382661773393,13.5497129725315,12.1449803668424,14.4819500071956,14.8157672222756,12.4171971073497,12.5799330623832,15.1402192874019,14.5609284312239,12.3975401174352,12.5594272417243,11.7502454307481,11.9763357633271,9.76386053625736,11.123492292946,17.1266203360054,13.4151274551763,13.1506280693832,8.65565713956264,13.5892564061224,12.5328167024848,11.2689982429008,9.81151571200676,14.1455231406234,15.7724623680861,21.1502352604568,13.7303055976699,16.0567227964344,8.38580846946318,9.23738698805542,4.30850484545504,11.5314152937215,11.8473938523018,11.3352240383805,10.6201602039403,10.2405761957421,10.4207194523918,6.68125636695075,10.4688190171251,16.1623483361509,10.7768847677385,15.2338665425914,9.48677693819667,4.51270236111264,10.06750981379,15.869962972906,10.3924615565179,10.2230509975902,6.44055746249065,14.6300230999965,13.2437727943966,8.52647707948181,15.2462312828607,6.98186845874465,10.4885098607238,14.8371195337312,4.46373163761113,8.46586228911651,15.9381255631332,15.1395663181747,9.5755314420816,7.61863949182531
"8",9.6068676142373,9.11168844657152,14.5550046115075,10.1580711440413,12.718451680318,7.55897995865224,9.10844240453243,7.42206333837174,15.9110436803584,19.8578795063914,9.60258448094338,9.35834015448773,15.1123739307132,9.36141041473324,10.1459200194723,3.09220296152708,11.7172960237188,7.82820688547122,10.5879443197322,12.529578707632,9.55999484547841,8.3767419495204,12.0168997759283,10.5500893052622,10.4309028624984,11.8285906091882,7.72163626870228,4.58451022571621,13.5297908455748,12.1699479899807,6.3928189776877,9.87500555334934,8.4846968371035,10.2420971715414,16.4018457902665,15.7303321992275,6.83531464205817,6.33039272594149,16.3173325559976,13.9604128699582,15.7103600018749,6.74602902054473,13.2467022989851,12.6480837254025,19.1703961873792,8.69109821146348,8.78647751511736,18.0380573426384,7.88250065774299,9.83098709441092,7.17494588902039,12.9494647731228,8.67589622657262,13.4510771313575,13.6968185170867,8.24936859284914,12.1054719896287,11.1726713246729,7.26295302524739,11.635316495192,9.55282708887128,13.9232860747316,13.7373052507624,13.9542697947633,12.695994562113,11.9094445290184,10.4149863130503,11.5034295572078,6.6555927706643,9.77607082270669,12.8070068943211,6.41554050985523,13.7396339024005,6.46085811371268,9.61019425839848,11.8269044472452,6.92248001788564,14.6082612677485,8.91398234502254,14.8986284297607,16.3239219649037,17.6018959458567,14.8756447971771,11.8010173706521,7.70489559513736,11.6861828872932,13.9675429340465,11.9171281210656,9.55251022593364,9.06719864129591,9.40239165191494,12.5754561627362,4.96304936965741,12.6470502751883,9.0314871898099,9.10551933899734,11.8736598458234,13.6640289364695,6.04175517166546,8.28646689329541
"9",12.4232619948804,9.67479957018147,11.0903784914052,7.44745026432019,6.53033124532417,13.3925218442862,8.56413159126352,15.620556568509,9.67701572219487,14.0620462179728,7.08931081741214,9.28021991391436,7.73563795819806,9.7816637817458,8.58554418443298,13.0772140472154,8.23903891641733,9.7308151095175,10.6718318928571,7.39904124200429,12.8320567910642,11.6302336810894,8.15293693727581,11.2583181417764,7.23729589664079,9.49661616722663,11.9730200702363,10.7834230553886,9.31417036623018,9.18809529746963,8.09860426773735,8.97184649784849,15.6642673834668,10.79094621468,12.5753173257991,9.2030960916047,8.352909534247,10.0300860530805,9.67051534826699,14.8268942054119,11.1313871123372,10.3077994621607,4.48681167095842,6.89422515706844,10.8371173521909,21.9427850045444,8.77794717813697,15.5694604906334,12.9979524813538,7.34316960733621,7.59304747703081,10.3301132538634,13.3297557884403,9.10211531433353,8.4071050229257,9.34261794150001,10.1576072146896,9.76476441919279,10.7791106527573,12.9191327967517,10.6996787537212,7.81253493462906,10.9376405169835,6.27992926403926,4.81899018724998,12.6299408715618,10.0458201341092,9.33629680763414,11.1558477952451,9.21599462264513,8.74077002596842,12.7069637836999,5.48935246169831,5.6448888235855,6.31126760704976,10.4652570731314,14.6321598066265,11.3063846701012,9.06547626328593,10.1059293375982,12.6622776275092,12.7274076636872,11.4318936335553,7.17646482008215,11.4478944818705,13.9492621357048,15.4515761904894,11.5908171087388,15.0951761372638,10.7910050838878,15.0880851658717,11.7678747311766,11.4112568728897,8.07964594716393,8.2502311471761,13.0123654660017,8.32037454838849,10.2282129897609,12.0532633588442,11.0106256816463
"10",10.1805682216943,7.82654166075596,11.4104661004326,14.8147615362375,12.8461078507158,10.1017901625588,9.84538566036531,10.6442301702172,9.09062986380872,9.28796372878362,11.3877746366837,9.6348133330805,9.90283788889822,9.12266250223105,11.9866678076971,13.1504659700925,4.84435855776611,10.8138696488751,12.2428937210068,12.9978657279059,6.83091585490655,6.87810297381378,5.94339730255708,12.0656003533512,11.9965346716493,9.08001443025719,7.70318710715624,7.19529985762156,7.49715730067951,11.2222388976486,12.4485442649259,10.0583889323246,11.0413351325552,9.42377982440623,11.2272357071179,6.50732299917783,11.2202873057268,11.4596922444668,9.72528344869374,9.44748585887335,8.61279260413307,12.908156313707,7.3467297951708,9.56300873670845,8.9987830727216,8.83513578490608,14.6803434126895,10.2322807817151,7.57625224502801,7.2098321877491,12.2163702047591,10.2681956931221,10.6777513560276,11.1115254476871,5.56770322588708,9.50760900049571,10.7040193836135,11.8874764969755,9.73165930293103,8.41720534973289,5.79063394101127,10.1485379387828,8.38387751202141,10.2831714733971,11.9199034877741,6.60225049433424,12.2236554096595,12.9292547657119,8.64859255720428,9.67532356318246,9.58722302274331,11.3029834132068,10.8622647829575,13.3228155756734,12.042362584412,10.7712911053592,8.67648677442016,8.72307324119517,9.3689111642951,8.74277552605208,10.9549455832461,9.28584496126717,10.6872622524729,7.88658997979507,10.2826154981921,10.6620996025151,12.1699720485685,10.9055744998681,4.69138721067669,7.59176242354794,9.83478253306547,6.49878184034905,7.47229439019912,10.7361665117597,9.32068134988672,9.03741509815275,10.9357619164064,8.00944633769953,10.0425917037029,10.0669973731943
"11",9.16546823678351,9.14172687576052,8.74411436720703,9.15187281768887,9.37552700974735,7.07429963189205,9.29904688289516,9.32650814095467,9.61687447656616,9.49656767434656,10.7779904701283,9.27701919761695,10.4925044516016,9.68708214135273,8.76382226999044,10.3192386991773,9.70135194036627,9.76957988479997,9.86592119249984,9.58269249825677,7.94258665842528,8.62486036136599,9.72266406758209,8.72683641279596,8.72655008086097,9.78001320389717,9.92364011988701,9.76665779081465,7.89618896509569,9.40380502798286,10.1575589016474,9.63964032262275,8.78736136497989,9.66294639100218,10.9522190091469,9.48406453234888,9.81448609913948,9.35892040741724,8.46540799159954,8.95228990712431,9.29084006745838,9.41409961122851,8.64073772264431,8.87539961086759,9.41907174978666,10.2596712125756,10.5932651125926,10.3159230242129,9.09197138392508,9.94503121337433,8.37192898220368,8.31691407020055,8.56326702537905,8.83174629126434,9.24278735121802,9.93168309729124,9.07405453106047,8.96434026868321,9.47503623905653,9.09108954202891,9.72743013944357,8.94170497696439,10.0176550326136,9.68467198360605,10.6025824116988,9.73257960180094,10.3346850814903,9.26545418104358,9.12106474754469,10.2263578803387,10.4470929331727,9.73834824519703,10.151568816334,9.39128639567341,9.81394578655581,8.62669110193657,10.3263096011467,9.92804532981768,9.44477816163235,8.21915594242722,7.36729037252836,9.42501677525145,7.72105454287419,9.32124664477798,8.61378299061294,9.90072430728736,9.48027826709886,9.04827676469468,8.90311156360626,9.10530035862819,10.1214773379053,7.7526544176984,10.1256638581088,9.11816365143248,9.93868236551481,9.20335437206354,9.9262766237286,9.60592316173739,10.2430057467968,9.2882622797864
"12",10.5503656117772,9.24253031860691,8.01275389373419,4.89755957312846,7.94046857019841,10.8825243238182,7.08362779521323,6.56949612856776,9.15672678800299,10.1206913287691,9.34350509163067,10.9183032345594,6.23520575161859,9.08764981389602,9.27563198767703,8.56265560591791,12.4514466266973,8.30066966251051,8.41847504537072,14.4203066869868,8.12083990894419,6.79319724751753,5.97777318009832,11.9820130058041,8.40009641410034,8.37529109363207,9.6916380314854,7.1782178449268,8.07041175283104,6.32852585414795,9.94671222168669,7.22783132837675,6.91931771484168,7.16392208342331,8.8780883723068,6.53879787984257,9.5845667971179,8.30727770819161,7.00892297530244,10.2396716958808,8.38554753530641,4.70581668885329,9.68539572155851,9.31491072575922,6.45214030352079,7.58208548074403,7.39366268941016,10.5099834299058,8.15117448911785,11.6174880737683,5.27436836477782,10.1074012669782,10.3221123378141,12.6338508372499,9.49162187669996,9.10378428135441,9.89063786664793,10.0508079638562,13.9836498538897,7.63814288749439,6.05353301297711,12.1305230147326,6.35127861984351,9.21778926958708,6.85061930650146,6.31501956488762,9.73266799349144,10.7255425663217,9.91418120148808,8.25340647213898,10.1881587735089,7.8044787740686,8.17491819523778,7.20061877469147,9.84761019268981,9.8973125699456,8.93529597596574,9.48566931871119,8.6315441957068,5.73691972297301,10.1811555800916,8.13194951647867,11.7866271052771,7.39768813128572,8.61975761239918,8.4783648877636,7.74527854698931,10.6432500391972,11.0977364664334,12.3755982100922,8.77668587775308,7.80863525112369,11.377319864053,9.69406087207237,8.67768580760156,10.4405325988558,8.79094714965074,10.5655214732346,9.30024391591795,8.55062565253653
"13",10.1367162425371,6.2148667402864,13.6349127534734,6.71984801029032,11.9138915448575,4.87878033559591,6.81473850006957,10.771825482366,8.29240606745448,8.59631829358496,10.3766015379299,13.3075747472527,8.23737788234403,5.85406328320346,11.5117448155593,8.30674061378089,8.69164109217349,6.2213915109247,5.11146286643957,6.15958169292383,3.22650226348609,8.51643399605014,9.21345437354689,10.1636175556531,7.33027100065028,7.79409934668384,6.26050281454943,8.4559212213718,9.29462147632965,6.45370835485874,8.29160855178592,9.88850680693506,6.5004285595693,9.8052120974359,6.88658982476224,8.71278173317854,5.52096078042558,7.66829742531985,7.96451246312729,7.38397755654724,6.58869146850349,8.13581150574835,11.9219866244287,9.87029594261966,11.0426142079628,4.27561351185711,14.790818184952,5.86470551406021,12.499875696322,7.17730270775795,4.70726264543717,5.54121242786414,7.11988164749791,7.95178409206332,9.71134317716723,5.6457135399984,7.10779316459616,9.65189053498604,9.49991707314732,6.90165818788817,8.35971807538723,6.40262505527514,5.2005207268036,6.46923498697304,7.96747632151953,11.2045297079542,8.76581601569776,10.657410371032,11.9619670098977,9.64641703664985,7.21065635007508,8.32502167981752,7.49861829600427,5.56897315251106,10.4464227432099,11.1753736648277,12.7382845769872,9.90165079413394,8.31304423197223,11.0504923371229,4.46622688668294,4.74268128440046,10.8271291535432,5.75080735115229,10.4760425044634,8.91465858785606,12.1109448749884,5.7476158616963,9.56178452941229,7.61692840845013,8.73562491233566,4.01342714473969,6.24693556852168,9.26033258836225,5.21725364169431,7.21503088684435,5.92741959995914,9.37016465883626,2.87975916282096,11.8603165204492
"14",5.13612705925856,9.49553259636362,6.30733411487008,8.89007808242163,7.30090146894055,6.17245162962815,7.02950920150932,8.54470395101156,8.52592968929583,7.20672880125442,10.2516357234794,8.78623978747261,6.22865415765642,5.59287065875697,7.51447150789059,7.04332180486889,10.9924956092775,9.35212637279635,7.44648399951618,8.34147032078221,9.92629616973869,5.82719202059114,7.52591390476188,7.06963848538473,8.32599037557343,6.45105106635268,9.03601784185089,6.1856412386061,8.09168088972961,8.36138525954108,5.94746364413651,8.8887571043182,9.18493993498966,7.60672570183659,9.17656428737694,8.1728650698138,8.57552650639639,6.91373071302796,9.83587351963211,7.35323295384023,7.43953531469838,7.65707349310984,6.52841646808697,6.09989415419911,9.49315156481247,7.21636751420242,6.51719412762263,10.0190737849465,8.64987323388961,8.37787386441403,8.68764185813736,9.03146516158675,6.29144227098123,10.4032093595253,10.503588612689,7.41694234742066,9.97841117261032,8.06660729078191,9.03967270294517,9.94697061092409,6.78588854693937,9.88647724172459,8.02182340509387,8.13659215874483,6.90513001848887,7.73265200217512,7.69506551250554,11.0738505273275,7.50763379573267,7.57201717629091,5.95201617237023,7.48115034348596,5.89474782889753,5.06208730805429,10.4777076871181,6.32649517061959,7.99046481251324,5.76116976994545,9.60947726738555,7.49893220669343,9.10251898272587,6.4136867560293,5.75027395898987,7.56533270251745,7.85920797889223,6.59324282558129,7.90421288856265,9.23564516895814,8.60034872503757,9.65276183652085,7.59547319998941,7.24101111049379,6.86311284546844,6.94517732378995,8.62293784523483,8.24490304966238,7.49363037957014,6.76121052753139,6.53105007440436,9.1535382271942
"15",7.06207716209957,7.91123303648816,7.52755990146183,7.44544661463924,9.48176717592071,11.3374812057327,7.88545642384753,4.86514018092596,6.13227381336559,2.65245346976452,6.19309432796182,6.86340474770675,4.9168379976783,7.86949908697741,6.6014684977585,6.75479750454009,2.96976140907824,6.12369471221038,7.7704332202002,6.27295654310858,9.18525026544761,8.18505542951056,8.02384050394142,12.2100931610882,8.03911691912962,4.79196678274496,9.90406441921979,9.77879782836784,5.04288224007199,3.50173315704382,7.43242088568517,5.98933844261645,3.58125909832587,9.2849064425028,2.35175944594943,7.20536422847045,7.0599898959606,3.36762366480734,7.78906363453155,5.97209315064109,8.81230581862705,7.25505797557289,7.18969490090547,9.61542179298331,2.71603209623575,2.25367103542396,7.89981289931411,5.42337946390455,8.19306180455496,7.61382405842836,7.06492137243406,7.85176600386545,5.60305294643821,9.6206289949018,8.21735348329461,10.4358217064801,8.80123683578666,8.72231942598139,3.10897550940829,8.45263623204839,8.28375359147594,8.31459795838465,12.3309312508426,10.3510760217069,6.14601333087695,10.9172620375616,6.58126593710782,8.42010308543825,8.60268900252982,7.22965418700724,3.59971616623819,7.17596564662456,9.55692452828526,6.92484495053656,8.36478428048953,7.88995311764273,8.61094778700484,9.95225511672816,6.22489094451961,3.04858677014733,6.4435474690223,3.8600259186731,7.87465660776561,5.50768139453396,6.4227190471542,9.9792388505709,4.30143750605112,10.7454835677487,6.43438430431419,4.23637459446769,8.21345372665596,5.73518715536687,11.5329538038313,6.39613957243856,8.04535457568309,6.97988861886714,3.85016115490616,5.92524257943589,6.10068172660606,3.81977034739941
"16",5.10288569064723,7.89408510991088,9.64402717368921,5.14914050360072,10.0739024927558,8.40253428322744,8.87915699519988,4.12133491907387,5.2109079363793,5.79413716109749,5.5641698393607,7.9839629711635,6.37139687663523,2.38483353434959,6.14937749635149,5.74911534628971,8.97633559259622,5.8401979160552,9.37821672597941,8.78731656122813,4.25906720149549,7.80141521853774,7.51414682446241,10.9044577522164,10.5484354004747,8.46887667290596,7.69744263788731,6.3859408041113,4.86446913633348,3.23391139107684,9.74374616788593,3.16512566795058,6.07130083460456,7.06067681622059,9.18926008669014,9.57446975450948,7.93989580293163,11.3457105076822,7.51553139147097,4.60619495682446,8.28007641683262,7.85780790936913,6.6036210401019,7.74443510335737,2.96508199737016,4.82257633241629,7.86447428955527,3.26267952531873,9.268319840546,8.65747278586896,5.93641191348939,4.11836203050564,3.6873665237286,5.0471249065651,4.89999999803436,8.12640772891321,1.24193887134316,7.70881785097891,6.66481573624887,5.27095975220254,8.6034715796698,7.57477035362527,7.42028309507196,6.8034437006318,8.4134602773962,5.22372692901408,4.53237354752525,11.4683730820371,8.11456076209767,4.64888721448378,7.89932692983685,6.29193031894668,7.98969901264026,2.52828543578383,6.95957669373014,6.31104726063957,7.25777539946193,7.41097156151051,7.80025456520829,6.72905757033552,11.945697193293,8.05492639606472,9.35502643549566,3.87389505317304,10.198199203951,7.53954747787585,9.69122652200226,5.71338964174571,9.23764709874902,5.85520970251187,3.92004273078656,6.99972963706431,3.570525891838,9.78636588016724,6.30213754794284,7.29457590465693,4.23741123778498,8.44474521230415,9.60207382349877,4.90300798107391
"17",10.2474177700664,9.1186755086029,9.51543774247482,2.07657199336539,8.07607158031972,6.86625968737053,4.4495913223565,3.32770830597667,5.3606060327281,6.79010832554457,1.66828942036402,5.1253122195388,2.60440451731214,4.19030917023059,5.79387027799778,5.72911671564128,5.60915264914481,8.1728623922458,6.72301208513653,5.75167278051708,6.26873938563135,6.47026367551992,8.54932418609465,8.29394939222908,8.5337218516519,9.05692393871678,4.4433227242823,3.41410445634485,6.53525468154425,5.07976248507449,5.6195479254709,6.69158760106187,4.23401485340008,9.22660515472825,8.24689978422693,3.71199122158724,4.62902959161119,6.14876609910876,5.10499424690777,6.43923066187626,8.08564278849212,4.38921975236431,4.86632072960147,6.06745675110615,5.45142889355395,8.97585828941476,9.24622761822972,6.67936508054841,4.62028118752752,9.08188739678402,3.73380767758518,5.33244057400163,8.88894650886053,7.71601636215667,9.73607301531856,6.57784354909129,1.90949132146642,5.8122046995135,5.94073415683806,3.34494721419846,5.78214261622867,8.27241216941287,4.9706353604095,6.75511912208686,6.81536381979813,8.00907846420101,6.28220790819218,3.44896889222057,3.76750303755706,5.7858445330554,8.39187924605988,5.74134143446054,5.02739139883606,9.26292614472994,5.69889486711784,7.15035806884311,2.89256225815176,4.34265366222963,5.0349384426301,0.459773614760692,4.07292868020761,5.10382850594666,5.8395330351779,6.71403774407727,5.62680052398603,6.36691091837547,9.20580204900584,4.62696719477503,0.191579488533235,5.19414106356197,3.36216082967186,8.92917105541067,2.22120037215241,5.50628586143082,7.36997274778091,6.50984322744874,5.16353629994397,7.64880873037297,9.12499334870401,5.57343845889899
"18",3.59091069602398,6.51629895343284,2.75273442709125,4.33049530616292,4.3931609076005,6.49911345765471,7.3232360910026,4.3710990328924,4.85904541299212,5.89005226010212,4.22373590499786,6.52947265582299,9.12585417965656,3.76594619597952,7.77357468106844,9.12357305115981,6.94024809929177,4.36771014054973,7.0746775201103,5.75244260087718,7.78139067472469,6.87421553251622,5.81389886304715,5.22000079291725,4.7521217627086,6.21941298160685,7.55847328869669,5.69227110312752,2.51984667535455,7.37157407086759,9.5142699213485,5.76487067610469,6.08224630282316,5.30945614213218,5.45862473117684,9.71794341762478,7.4254155765583,4.36168876959321,5.74222080620915,4.88931412369944,7.43856019161932,5.52446782263958,1.20277577561195,7.40309204017099,4.75599559100302,7.00617764672274,5.73370492020065,7.34121755591555,3.71417264914767,6.94766407916427,2.38777235182038,5.86076175205135,2.98284506725235,1.29267719728487,6.94713611029173,7.26828183018168,9.04677850983921,4.46145825824298,6.07734662781146,5.57430603257777,5.61850068914846,5.98865230725989,3.42695901608441,7.98600933186769,8.41305284498807,4.51779578443205,6.26738302041926,5.5651757463921,4.62488175780227,9.27723744946191,6.04694095891734,6.68277794507051,6.52707244164367,5.84903533274649,6.2710225595766,5.84447340830412,4.97560519590725,5.70197375285844,7.37766200478814,8.96843801901578,4.38162206673665,6.65470348658379,4.40955831360583,4.35225361303886,7.66292343199653,8.08791004981136,6.7634285222786,6.09392697272274,6.74540280614016,7.3327298967234,8.67773668483125,4.74393373130584,7.71031239191113,4.47136390469271,6.9732041803422,5.36801306230819,9.57694222560149,5.34985026158935,9.99639271970206,5.22419567444092
"19",4.10725108720532,6.19699577854527,3.71124278883488,7.10189660085222,5.37478802103202,6.44646706510152,5.98461119232547,7.51691484148043,8.78959752623475,7.79368653756256,5.01344050283642,6.84589735958577,5.97461021800133,5.61172103099175,5.1315759420977,7.02310054411571,6.79134652771413,4.1323641042325,7.94465049592219,5.61128767326952,6.7234680719457,5.20599837948506,5.12409197988679,5.14756457226019,4.86172339837911,5.01555453788564,4.44389135876728,2.98378359532628,5.6330792849465,4.94745695767433,5.00973566351332,7.01432139662742,7.77877343494446,3.56355545193385,5.82920665621404,4.22051160027753,6.28722612347288,6.07190135650528,6.66552963831458,6.65600364087959,4.9512930961797,5.71501483771441,5.81961983572594,5.02893811656699,6.38253231203114,4.75163654473982,7.13295755528512,4.85541083976459,4.20781651362659,5.71630959048713,6.33590155093682,4.29819524345603,5.65814384517726,6.442650538671,5.89802169258141,5.62098608194081,4.93911832227621,5.68448147433762,5.61668754576985,6.52803731268564,5.43932434519298,4.24312665121233,4.63915647065289,5.03891585421488,6.09758589437615,6.22177739611283,6.97922150935312,5.52545105543657,7.54205305744408,5.45657830764052,4.98480431327272,5.84626497972517,4.99416306437548,5.12163054505104,5.78827399900323,4.59872905376396,4.8967126379919,7.41817554183293,3.55125597298224,3.1549383863312,6.92457790305607,5.04125222044406,7.38814146403478,6.09086311851108,5.34646846592567,3.9864330444064,6.57488845406644,5.09365630056546,5.89405901964245,5.89329073556351,3.92016921527028,7.64772448088203,5.66238881486394,6.89179523011924,6.22876861914812,4.98286019314791,7.50642602325682,7.14385958009441,5.20803993861392,5.89012601804828
"20",5.81597159305335,4.82359566802996,4.89725369638085,4.99818617257895,5.15301004441378,5.11132220462524,5.19936806591753,5.26274806129341,5.39702914835278,5.3017783783534,5.1387883057366,5.10568610170614,5.39988585641782,4.79691655557262,4.96352946135587,5.41945054444168,5.11141717222562,5.35666363539952,5.14928043964038,5.15666856727759,5.01176994903534,4.71671751605438,5.2202408647623,5.67419771012251,5.43060221795779,5.25804097486247,5.38306536879251,5.11560510719765,5.32372920125342,5.07118669937446,5.29504922088982,5.2650418970016,5.34785578704764,5.61078763590241,5.37326649592415,4.64556063360048,5.81659030670695,5.15427032092808,5.02773908222575,4.73074915105324,5.33499323320392,4.35441658754311,5.04739711294195,4.92561843971344,5.00470620778405,5.57184379320323,4.83362241279377,4.69722179596985,4.73737738143795,5.14080214639031,5.28591699840127,5.64100336226787,5.77745849287696,5.49427288357008,4.8623207953599,5.16627997845238,5.51324861371831,5.17066359232155,5.70060608686659,5.33181245730395,5.22235439024378,5.4670243925987,5.02338715434657,4.92267315463458,5.06332631198349,5.08237735236584,5.38040473124344,5.12716702366227,4.93759729653029,5.2418187593399,5.2115858646887,4.71555400719862,5.6176495466362,5.82943580854758,5.61463931922275,4.90154631352275,5.36188512423161,5.4464530640728,5.02744851223965,5.31449745059692,5.67988365189385,5.15170766545368,5.23770528472487,5.42968911218084,5.50603148612838,5.23969062937259,4.9981268196605,5.33011887287004,5.01482235732001,5.34123169137257,5.28842439956947,5.17928139719019,4.83337414277769,4.91179084310383,5.03426027827629,5.12121146993936,5.49429245174242,5.24961665204786,5.66500882282089,5.07152174608792
"21",4.87467428634723,4.79897745531724,4.8419311194455,5.06614570731492,4.72465415425599,4.5211899452802,5.59366744397054,4.60251978254044,4.87306187996344,5.0890207776977,4.94403298050551,4.40791616197983,4.1565241359042,4.97262695012681,5.09600870398042,4.91948245141514,4.94057758798609,5.29423973355956,4.9996041233292,4.43501757667084,4.73737644867797,4.31584485651425,4.96598477445488,4.6946591685274,4.91533940474437,4.87283654821095,4.988388234185,4.54407343594578,4.63447112442223,5.01208219167708,5.14744221479254,4.58437581513344,4.80764011886797,4.93810889934215,5.45196611168733,5.28742006853733,5.01697960557451,5.15522498922849,5.01368161891527,4.92550000948292,5.12877877673228,4.13839851640532,4.83586450569012,4.59871606393651,4.40471733950484,4.37496006845739,4.74364132758881,4.79203197584655,4.96500159614727,5.59724952714358,5.11708395637584,4.37977548347966,5.23246020481338,4.83141016022133,4.74676609621769,4.59745707404439,4.68975228104074,4.7394644977382,4.88161591538215,4.84826992191878,4.75763700796121,4.89097560468065,4.76435220696397,4.91453930676631,4.44357041067826,4.52680977978492,5.30145692579857,4.46252243660853,4.71388678079545,5.19493066854062,4.72936963925537,4.89995862503565,4.77748891254991,4.88237474367937,4.45017772246091,5.22692869927008,4.61422559396396,4.42550007366796,4.85106593935175,4.66040902137968,4.71940483800793,4.26945900971018,4.95089971719637,4.91793225392308,4.57761971384754,5.13160563482313,5.28204476509491,4.50377558190295,5.1305433981092,5.10602365368706,4.74404614715775,5.06437713790838,4.90999922070185,4.81540975268488,4.14087550753857,5.01447276281295,5.14048709821807,4.86512944613345,4.931883586689,4.85758901641915
"22",4.26942432637027,4.52785614884145,4.67420939938331,4.02360958943028,5.02911682213875,3.32654618023625,3.81821145083282,4.77747590457478,4.2643280675899,4.07196417199192,5.13157664961119,4.59379734719441,4.9697525062254,5.04007921566313,3.84487585886891,4.22944492339429,4.00072860011163,4.96624479439824,3.99314829327008,3.99927623132029,4.52358319725841,4.952381769332,5.01488650761465,5.4401571313759,5.08823501732397,4.56497787682047,4.57185867276317,4.43779043907413,4.46808365070085,5.13650075190307,4.75751686600823,4.35888634642026,4.01676824834956,3.16142353768166,4.88024193874674,5.10589587963928,4.20241134063555,3.17498883460909,4.63670723478409,4.56446464952657,4.43146108770716,4.74350697657438,5.28985124284728,3.57868406325871,4.11440489392792,4.78768577668258,4.13274106263491,3.93011715329028,5.30439054174062,4.37375909644742,3.30088141024561,4.53748014557789,3.72272315128343,5.20583292544728,4.02440716358593,4.36835581266258,4.6883937092692,4.73790535310803,4.5650130723746,3.61408199122335,4.32773162494953,4.70120937039339,4.23552538240333,4.32920175029358,4.80673078982103,4.56076904784379,4.73953827010287,3.69195156266326,4.1148754398643,4.00526696658761,3.52811112591028,4.10537058316477,4.53273889951962,4.50891279374238,4.90208589591903,4.90446729334256,5.13109734102567,4.04912506267801,4.43072055843502,4.58596775797176,4.1893844290529,4.86333640782405,4.46675101722606,4.47031642469219,4.0255899108903,3.38040039627499,4.2811153629854,4.87337104806039,4.03659998375756,5.05038678546353,4.45074937990581,4.58255959692868,5.15114261720369,4.02113297042083,5.20670613610005,5.16185898332126,4.18930355620982,3.44466817335968,4.48323106981303,4.31736066297536
"23",4.01016094427948,4.03291185852804,4.07874519511012,3.57477314348859,4.39636047257386,4.46041506154428,4.35589508405416,4.23679853531721,4.31994408159888,3.51733945518501,4.41196827036007,4.25941808865854,3.79623164441963,4.48977664741581,3.92486298152623,3.488050523739,3.55325334428767,3.97344987355589,4.3752346205563,4.12625074131429,4.04960689588875,4.29319150275991,4.27531757696263,3.79788922612448,4.29219151742582,4.59917970431265,4.19732614763948,4.15085762731718,4.3265666762236,3.78488079386841,4.36512243776823,4.18699212075171,3.7975935307104,4.0561061605469,4.61030089043849,4.36194040503436,4.09923837189089,4.54201331386581,3.317572113039,3.7411213144308,3.79087998726336,4.40134395738465,4.19608612912977,3.57955228354015,4.53176339976376,3.69814367868073,4.75034613907217,3.88833217236597,4.0488598795818,3.82152290486134,4.1670744401029,3.58750513884044,4.23515107996041,3.73333882605675,4.25950192520206,4.17669321621002,4.2534870629944,4.06009855364644,3.61390079331632,4.36189719670342,4.04797971874345,4.26843179660237,3.37221943121483,4.0462210252895,4.06215548794054,4.53718221197802,4.27436017100203,4.08022580240577,4.07867342700357,4.36754043582827,3.98528001481506,3.91409064136214,4.3296212865664,4.27438933759097,4.00010672412448,4.10964544758683,4.58441957605696,4.14486340655096,3.75817309919011,3.73180691924048,4.23036485166517,3.50467998867632,4.05485230305715,4.38197024827257,4.39165650932805,3.86402112461014,3.81893371695042,4.31773416177557,4.45746978341595,4.01033294648898,4.35711413204701,4.67472098380093,3.93556389706427,4.23550956160816,3.51459071307604,4.97887398874739,4.23948447174012,4.42634612869123,3.9308996980992,3.70894036557799
"24",3.9584294326402,4.62851733772436,2.48428380672512,4.8432838635026,4.30576610076376,4.18514648082922,3.70547743808651,2.35624073176712,3.66572613360538,3.7939810361414,3.05670622239136,3.78055670415946,4.64468554467688,4.2938039517162,3.70713213464249,3.90521888047385,3.32407080559276,3.64419406094621,3.30270438074338,4.34320361370435,2.9982487053293,4.41104663845026,3.61069562448512,3.32041449453106,2.33389229374766,2.81590078147647,2.87190548603292,3.47120928725653,2.23410039951738,3.65410462487422,4.7889130657178,3.78358353682155,2.97096783156271,2.19828453090824,3.62401252985404,2.82999287872449,3.43706033327769,4.08855946549151,4.12962143778675,3.71843726336221,3.31713294251805,2.53558404982178,4.02238807318785,4.01397401411576,3.28408956585093,3.72375710208426,3.5930756432071,3.14869817213704,3.39983166638339,4.46191754377601,2.89955008667452,4.31328015107812,2.88885481013621,4.24303368477217,3.51230253443464,2.5559426919554,3.0458253124703,2.74285444650527,4.18909669547155,5.55074985532329,2.47841517808537,3.27963947619175,3.82974820926155,4.73248323360107,3.71475678527915,3.50485672381986,4.28309365701358,3.45259833330741,3.52578983457966,3.58101416500305,2.84749822086412,2.71150025206216,3.23598392008492,3.87340902791677,2.63870399808736,5.54476041084885,3.82975853829319,4.13217813453048,3.80912554095519,2.97359872266266,3.83278044615804,2.91851414347112,4.42865916605267,3.52007879086685,4.05900485094948,4.06887087807013,4.03579112342463,2.40404783443101,1.99226088729951,3.61074233485281,3.16416384658198,3.4235722522979,3.19058620063142,2.78109853865996,2.75199642758437,3.53779529536995,3.30683062084492,3.67271211483815,3.1770282450618,3.29133084791204
"25",2.85341254485281,3.02292475410767,3.36494017168513,3.68722914169666,3.16566650999901,3.77612241876242,3.03541371207057,3.2617557511598,2.95115179715306,3.46343805905259,2.74266525796471,3.2658614035156,2.89496775458652,3.14893865237955,3.3522328850078,3.38401725336381,3.81071184165988,2.98958616176089,4.18385843582531,3.86793235142342,3.16920092481264,2.71718342323282,3.56610971092382,3.20842379029042,2.95746604698545,3.28801835208064,2.78135543027867,3.35083495442555,3.29207608088287,3.7544492563332,2.93637644443275,3.56951161964297,3.75997140897931,3.11939666376181,3.76002595105747,3.20114151097632,3.56387001796833,3.19532790016347,3.28106742933787,3.18444587553225,3.20612235220902,3.21498827653776,2.67816041797832,2.87951107915107,4.17956639274971,2.8292265981144,3.14745001613383,3.60534427569758,2.57448347065427,3.36032187404896,3.06326159738521,2.71474377480079,4.28122941945985,3.24389879305961,3.90798210418959,2.76674908750897,2.47724758778432,3.48235997407992,3.42374355461712,3.23408671334865,3.81719683591623,3.42133609833675,3.79459671721907,2.34905126824943,3.06285120251906,3.40511856123383,2.66013313681286,3.04379371284073,3.28163674354916,3.84563397306841,3.8995562502129,3.36773650515062,2.97678152861942,2.9913196332486,3.69402824453229,4.27816319194573,2.80230248039818,2.30316342136897,3.7239192796835,2.55655846232916,2.83170112320632,3.24458148084081,2.89724904242648,3.56141710432681,3.98819837877594,3.38185783153172,3.75857253353706,3.72885446602461,3.29171138116095,3.639356472028,3.33116809117993,3.94501601001112,3.23895551528158,3.18838767469264,3.39113907402538,3.66701764170455,3.74143353346391,2.94861169169169,4.18318462675387,3.20969860347096
"26",3.02992789760018,3.16126442047644,3.28068488624481,3.08576969485072,3.03526317748908,3.08446179840612,3.14506079708949,3.02971494852505,3.17071906118596,3.09339726957891,3.07890102747144,3.18007982945793,2.88141521131742,3.10882193584764,3.04237875742586,3.08268753948674,3.34320131480994,3.19386568117814,2.86554683223374,3.18575001039482,3.09115273914881,3.03519502487153,3.12127538785436,3.10236422019479,2.95252035602656,3.07241760563327,3.11816982588276,3.17845387949937,2.94440374970893,3.05605575696522,2.92105338472306,2.97306982112522,3.09466659648991,3.08746237005959,2.89167540567953,3.16341743698229,3.02559098461201,3.01379390074616,3.19414616683933,3.07151345580796,3.08254069925781,3.07880816101874,3.06319971509994,3.0082901810095,3.12328742860432,3.09872315569932,3.00626994723963,2.90889935315287,2.93386124729233,3.13936708726665,2.944549100583,2.93373330744444,3.14479944297499,3.15514216884664,3.05047305867965,3.10696390518289,3.11125426895742,2.94496542771692,3.1145595630185,3.0513693073193,3.19082202513211,3.24708715555095,3.07512508439569,3.24173447114193,2.94359964708246,3.05385472087604,3.03584657663188,3.10108205045178,3.0434577525978,3.02223014453421,2.90970963900849,2.92018262833522,3.03864586248129,3.26970366075295,3.15906891819829,2.96823465796254,3.15223558488186,3.03754104378433,3.04020167661401,2.88844448742937,3.01026137036156,3.13225823312533,3.04452693745905,3.1152064518625,3.22260049818835,3.13320776864169,3.01144442622801,3.24992578833226,3.00261153942751,3.11516821439194,3.04304688603625,3.24881610749741,3.00954148950167,3.13171868438393,3.18900714672113,3.05638624235475,3.02771299112553,3.0011266714304,3.0866046969681,3.05187290375408
"27",2.75245456347737,2.15830369506746,2.96082773291797,1.3865194689855,3.4931359127762,3.49346841142839,3.3009180544992,2.84278230972443,2.63924024782707,2.25603996222989,3.33320402829023,3.09248533201836,2.76889780432119,2.48792012268618,1.62971864995383,2.85236139991379,2.46342058846011,2.27001265389938,3.4551504264682,3.79613186176606,2.76593033641929,1.50067570977276,2.98263591666668,4.16770373985986,2.77504801592173,2.46267895839967,3.66866882985147,3.10174403303844,1.57572801574692,3.70883115736656,2.77653731444499,3.01283912289808,2.43237868466158,2.74821157705881,2.68513050119676,3.42393989558563,2.64859238967695,1.89380493671811,2.24657684759554,2.11813058183939,2.99802980031815,2.36674366254277,2.68785111419881,2.95470744747748,2.0867581701827,2.84270476553692,2.47672780627419,2.32150166055857,3.34194983087998,2.01812155491975,3.16845954266426,2.92433163305071,2.62279885564005,2.06012781990485,2.89473177110312,2.25332109669281,3.07567673190973,2.94100676956139,3.72950186984945,1.66414393418052,3.03661621669497,3.32648139103377,2.52557293470748,3.37953673540894,2.24156980859088,3.28937721993452,2.3981645216785,3.13626168345278,3.02773995142749,3.16248434680062,2.99816772827462,3.78087316669151,3.18074122866576,2.83486605695372,1.92716721100638,2.82021441257537,2.89143482449472,2.82809222148756,2.40217302576962,3.83299862622777,2.92887219834565,3.03760063260785,2.06243365036794,2.73815619280965,2.4252654891992,2.74499967379206,2.43127644339609,2.44212241340184,3.85867456332625,2.18647156941703,2.7982342105873,1.88760169751681,1.64939613295734,2.17145927291584,3.08186885255159,2.22762413398026,2.27963676652638,2.09313467440429,3.99785830597604,2.11355738475477
"28",2.39381042308047,2.18836178184872,2.47299295821429,2.10050026733374,2.14707828976822,1.99480735491816,2.03761840554913,2.25302053288322,2.09659010217169,2.22256434007779,2.20813729841353,1.89793964406914,2.16427532343495,1.9923925639772,2.13617775922103,2.15371081441751,2.23709895255876,1.96870353558561,2.08928446519774,2.06073976208536,2.49102605103537,1.91489345678717,2.00003281460739,2.36974350694064,2.14398057180672,2.43462319662408,2.3403287288226,1.96961138153666,2.09592528422095,2.24466011621664,2.09041667070141,2.11178590523876,1.9345481968099,2.3534616922942,1.98084650659241,2.15950966293124,2.2308787324237,2.01512917206352,2.34507991411902,1.9877935509813,2.17682712650855,2.35278060119548,2.0748822695512,2.0243811642094,1.63350906512617,2.09726351117731,2.08679688049911,1.93254654032147,2.07904083081418,2.06779885010426,1.98036250845945,2.1934802343646,2.44683376264403,1.79672973001474,2.19938847367608,2.06666246771667,2.36800854399177,2.04685071168979,2.74559855211443,1.97409792196168,2.23206253015177,1.78524749230774,2.06407116661359,1.93944016356945,2.18566487830473,2.0450485861726,2.1309519798417,2.05445980924949,1.79760241169941,2.00294923363421,2.06349211371963,2.09184365769252,2.14313112860721,1.80344279066594,2.01636148537119,2.41009163795682,2.15410033036656,1.9161065282867,2.27202898191284,1.99338233823365,2.04172473961713,2.0753979940105,2.15983525772874,2.04832839932724,1.96765507588632,2.12516781138448,1.95014904118228,2.39227780687473,2.33653352002595,2.10523514242942,2.07241774039394,2.31812895003259,1.95219778556249,1.87655672928681,2.14165099421585,1.84695139250241,1.88668001989085,1.99504859586168,2.24574666177421,1.9810792066129
"29",1.91974964411071,2.12264855945859,2.02926542288901,1.78937797960018,2.02801477869757,2.41445442433763,1.6731875616169,1.89944354123595,2.0053300928493,2.04640601251484,2.74939092278259,1.80376868728653,2.00068728117418,2.10933936053893,1.81040511338839,1.57957090948913,2.07760856428859,2.2195370907259,1.9907631940676,2.08204701483417,1.54865233452762,2.0572228530851,1.74503562155924,1.97244211362731,2.04827723927259,1.5562156071449,1.80782024648985,1.9273033335512,2.73960633240105,1.71064631834702,1.93409175034357,1.70850408666474,1.68045373913236,2.21635398318022,1.38923152543692,1.97174722860535,1.60543473087322,2.37711297827346,1.9800475643837,1.79411323868335,2.21443087345079,2.34494519683222,1.8456172532221,1.61371557780209,2.13774681848043,2.00976675003219,1.72289046945694,2.17409889015354,2.29680948788332,2.50649933172196,1.7008517280634,2.09602663436553,1.65455432053407,2.27956330876795,1.98890240681991,1.55615527141542,2.00753618046624,2.30991374743233,2.30621067336005,1.47079648923373,2.54679234094199,2.10949974578886,1.77079064443189,2.19577352587047,2.26708180908558,2.04693232730068,1.52773140191332,1.93936914788577,2.92121421746222,1.80634000740245,2.54320633117896,1.79282245413601,1.96004392930043,2.30741244072889,2.45713251801436,1.92098568306195,1.82307441709139,2.02324096925266,1.99934635662102,2.06780848334453,1.71282227460565,2.35273403814599,1.82589630634466,1.89866925324529,1.91709635878312,2.01398282467061,2.23549940297867,1.82553633376246,1.90437145892725,1.59267942325422,2.06959090213763,2.12677610675636,2.18647404127727,2.20871314778506,2.07527313576567,1.89570938838987,1.9063315241166,1.96894921940767,1.91253379743622,1.98212680223614
"30",1.81368834699557,1.66854863284075,1.59690303843734,1.46147600333296,1.35513570751481,1.87180716996253,1.67492093584545,1.5814124145415,1.32216867663036,1.50440267923429,1.47379674323301,1.53725147138276,1.34349408501481,1.11870508824011,1.78469075298059,1.88721270007711,1.62331988649583,1.4681030136947,1.41772942067101,1.75508468222619,1.60312097523255,1.37923549811998,1.30534473551964,1.85698397361114,1.78862232564443,2.08002910553803,1.55199027711703,1.70462763856818,1.69309078827843,1.80333296143878,1.8475948424037,1.912046703494,1.91671954417486,1.47426974587049,1.96421786878451,1.27385303060318,1.42505480440364,1.60597098910196,1.19465716145524,1.62374631083005,1.91081175685011,1.41601346494084,1.63662374728213,1.51354410421958,1.73837396792376,1.69784020943633,1.89905225672383,1.60574083690104,1.5956241340745,1.50102574285614,1.61455530778365,1.28581486110042,1.36723671008048,2.02703686131385,1.95861096700183,1.78527558639617,1.24989163190816,1.61985326030042,1.62583009511024,1.7842259228332,1.89822624370299,1.35577282157074,1.8995473465626,1.84660825985369,1.93757480465578,1.89966200111321,1.83461128460878,1.85001585318266,1.50955442026794,1.59116159861539,1.57475564937623,1.38142525255322,1.63484473754391,1.71764588809427,1.2460690477062,1.87990319991344,1.99434892851182,1.63412068543912,1.67897234889073,1.59477877281497,1.85538331294312,1.81736870394087,1.51183473503061,1.72907468609208,1.64043246041998,1.48997835617265,1.41649100626964,1.56434813514009,1.74969724926159,1.57123681235988,1.44432009581979,1.63991808505616,1.79300554701612,1.65563267376778,1.60158122020331,1.93196523019883,1.63012038074062,1.76350324506136,1.59537614168626,1.659107732148
"31",1.2850688987361,1.2651864620818,1.44052870576307,1.08908004841143,0.860762646629336,1.29794424998313,1.12562580924286,0.832399017913456,0.977909968688473,1.74402084909032,1.15091607540527,1.30183927232654,1.05054468250929,1.12256787037346,1.67550911045482,0.963169184629206,1.3117945899389,0.86455121729487,1.09343961618388,1.38027582116228,0.996971190021043,1.23601205473814,1.38612052827707,1.28363446640156,0.992240551309991,1.60062240246338,1.21017077493408,1.00049072738814,1.23605055615245,1.59272202817306,1.17414681793246,1.23749550984898,1.26071399750849,0.922045808237476,1.66426660217864,1.08077170869047,1.74102534508755,1.35380051052012,0.902066464336171,1.15440671209033,1.43882026970599,1.60675415322841,0.960327147961761,1.32838005290748,1.54207384094396,1.2004147393964,1.56790919751115,1.30191604839562,1.44948578951608,0.633316067784023,0.796756574563382,1.13658582732705,0.950001544362156,1.07697958776997,1.63836068627754,1.02028758384216,1.1868266631335,1.34058552013168,1.31916030881424,1.43786773991733,1.85805427032914,1.29945889765966,1.74472148109656,1.57350322707649,2.11125708878276,0.876356024800082,1.71086511839216,1.38699430106361,1.31507283468355,1.19947158452231,0.916102460180469,1.42315806846785,1.34488057811466,1.00735192560659,1.10939192173489,0.734036194643066,1.33964047885165,1.45718522340815,1.0811781812232,1.33850332107704,1.54034203085772,1.51073486741325,0.67572724520478,2.20742766923381,1.22700595034735,1.73402597438612,1.12674892307623,1.12992927948962,1.50881442352736,0.579306010868705,0.752522313842532,1.0687547970397,1.31311112138944,1.58810840185803,1.50466328509465,1.42957057392593,0.739797899094048,0.927869191739998,2.02992122702398,0.938150133100431
"32",1.19252465427674,1.19542282817281,1.24752157366906,1.0927661115789,1.05452858966474,1.20346713190733,1.22188199093857,1.20941395886426,1.35403365197045,1.13713335182091,1.02400642145158,1.15710052966313,1.12308901804584,1.25253513804565,1.10220551968769,1.2638389275601,1.17448452227442,1.17472248906174,1.30750608202019,1.18450736131568,1.30732124363415,1.30701953687673,1.38912332139031,1.31106826998719,1.12164628991868,1.08541181981423,1.10614086536506,1.03874539038914,1.19215390646449,1.0402292716663,1.18145266862038,1.17012128754899,1.19076035579141,1.26279463701381,1.0987717592549,1.18844618661795,1.19720482970045,1.15503480822,1.212245225685,1.10202091397009,1.1412683133573,1.12417636405099,1.13905496462517,1.28542126548699,1.18384977516463,1.04940080890538,1.14078317098613,1.20728447101337,1.15369938310547,1.13673052594348,1.1499114593956,1.22105421794796,1.16128206594121,1.06874424407295,1.24593725256323,1.12947986547039,1.04973166830651,1.1122796437479,1.02941310457499,0.945796685309682,1.05275879332427,1.20937577610837,1.0615406846058,1.17513262133726,1.17471494948513,1.23662819003165,1.21309103839193,1.21708678562875,1.38414785770221,1.14788161492604,1.02405825984812,1.18062874824725,1.20724033883989,1.23984502898377,1.12111726516688,1.27689530680259,1.13953117100068,1.20110968785383,0.984439635348391,1.22272976174106,1.21660039715167,1.09216564679786,0.990384789519128,1.23997182141207,1.1249430467915,1.01879958592325,1.1104145686591,1.11830962937085,1.20962986822987,1.14856878782277,1.05438174161798,1.18040362529062,1.04581918989666,1.17173638065494,1.17932289237117,1.26067132357927,1.13692886969745,1.22852231240044,1.23465673092325,1.21884664862797
"33",0.556026915204107,0.725114733777882,0.354251214717392,0.820514044054336,0.643625766034647,0.646520408958111,1.20154371015121,0.700134593451669,0.360180022687679,0.77031074430008,0.472519795732288,0.832041701665087,0.407882770480702,0.793704193171191,0.666603081699297,1.01351593987443,0.926234359542932,0.988572981788104,0.933238075149328,0.692816142458354,0.964418629219751,0.675711106892418,0.729822890848659,0.821105719541208,0.74190998943072,0.309262949102899,0.648660592335227,0.798883201741407,0.558600263614322,0.671124503283411,0.981817199680043,0.825644658086808,0.529847381472027,0.783369250975172,0.655118995933893,0.46827753699709,0.900171624831958,0.675271990827633,0.724734350188904,0.298431620769619,0.956292388480008,0.381423274230821,0.677199997676751,0.618447786585035,0.964081304052347,0.167347048501255,0.695534918584827,0.440928179973599,0.499916321911001,0.575432634818533,1.25822188198723,0.89810492594606,0.757580606101175,1.152127600653,1.48226085990836,0.540539976553129,0.45397738563812,0.718624624479607,1.00534575048539,0.703007914400235,1.21090585452371,0.632813274608183,0.392455063769907,0.653338403681281,0.385839566483647,0.695663324054304,0.93254463835867,0.253948886394363,0.718645834537059,0.358901125395538,0.81403983467394,0.752584325313414,0.606877434252379,0.354151872993274,0.471404035524727,0.313219254823362,0.32501353718932,0.42927267251649,0.699233731064767,0.554322764044712,0.83380315885307,0.690642806702242,0.190037470265295,0.674822330390948,0.713009124762601,0.529211889062448,0.586315920854668,0.454325757179745,0.636636712429442,0.667897187141446,0.764380582255413,0.81585662754462,0.663511589774543,1.57738945807944,0.444597760809255,0.61586059470632,0.205197145201919,0.747674793983003,0.448302398487139,0.587779302290149
"34",0.818129988095888,0.607037259595107,0.664569725496639,0.565293930309025,0.515310729584387,0.737976442548613,0.678885448632572,0.599272136682839,0.741295886944914,0.716946370516412,0.555631174312549,0.658382139682321,0.605697951171395,0.527635037218257,0.791364410206296,0.461980427055663,0.251217846859984,0.758520175087714,0.912573549181697,0.657284865860327,0.435737173698792,0.587962572765205,0.346151494473744,0.302910713031955,0.53456944293207,0.878329686872808,0.712241019684262,0.537892874704651,0.467638750221703,0.763838280633871,0.426336239868708,0.568034066911759,0.612262361555207,0.477170181405974,0.662983982555214,0.924139100196647,0.579367149717355,0.610392414547983,0.681767243025218,0.325928406288334,0.29076053757924,0.732807691782638,0.600062372913985,0.398429147242521,0.65287179948998,0.577658343314456,0.610780400075725,0.65451890086428,0.752536398042175,0.713428050202762,0.618056084200632,0.958682801228594,0.221254512928677,0.718721495807769,0.18627389420281,0.421824695632056,0.671836703571294,0.842923814137631,0.359942007576625,0.790945934167284,0.670786119235613,1.04686745176273,0.862718432650285,0.626588318013954,0.718230455540929,0.407890941768107,0.48866612369811,0.649477146340644,0.615839322930655,0.987209749256034,0.776065338168161,0.818605318996667,0.529872813969936,0.461888768895194,0.775432562339188,0.788937874776308,0.651506726720765,0.405340451856334,0.574096554086159,0.494550723338176,0.437719021773664,0.889092687471539,0.596755911617489,1.18031767231716,0.602910286835059,0.780230396293242,0.626191626073351,0.474358040558885,0.406654857925424,0.652635780472878,0.978579216168515,0.945803816344716,0.772265614592466,0.961324338197339,0.304838785153154,0.628802612313482,0.923311590470652,0.851897650010277,0.71225623763295,0.761220038733217
"35",0.339690198061086,0.261817443008137,0.2983458949398,0.145436820317596,0.117221932071368,0.195718487524349,0.456626610897325,0.451400661855225,0.158277194866948,0.367355505924306,0.189227721542126,0.234431168680656,0.208016457144935,0.198515832372925,0.493541449076821,0.424010175495332,0.200166806734658,0.110053602553209,0.433170298529454,0.0923428573510415,0.405037118145714,0.286818100037961,0.290505630857756,0.121625498762939,0.244589921942116,0.273906291692319,0.109287911995068,0.139261474247319,0.40317814319541,0.231169693326644,0.207675271590015,0.154569645904217,0.563735890710383,0.441837481560368,0.307613690802085,0.409940139999466,0.133813943718401,0.172853323542148,0.228154853268539,0.268750088627494,0.0666916949055653,0.555335879567053,0.243729201108991,0.240581239771701,0.558945333309395,0.227131443813926,0.13036544811226,0.207162774437589,0.255568000416094,0.189761795637474,0.397128635170244,0.244993797331745,0.0626519601300355,0.192692812558666,0.0122860585880687,0.488172499191445,0.23694195954903,0.216867961166208,0,0.125316686932468,0.184559427949931,0.3500433167732,0.251411618281828,0.353565581183275,0.285058066727746,0.294732868899404,0.17106388517413,0.396287982114486,0.185517291754674,0.13756918909527,0.293971919057344,0.214966122219346,0.590169886096783,0.515360377537358,0.238556233162768,0.126869895115963,0.515522682122443,0.247029384463687,0.230750288667895,0.36115616025849,0.158137768579773,0.28651965192234,0.446625408859361,0.345927175631713,0.512321345197222,0.333972686650821,0.372099688723124,0.359090336981378,0.391650773916626,0.291887656700415,0.247139215256199,0.0724939916430059,0.413343845207784,0.3702283035755,0.268242796216003,0.210102973213094,0.0492998587864862,0.161485257652513,0.15111817971281,0.0638117546918737
"36",0.106712807666015,0.137528692556903,0.225571521424663,0.151617672396806,0.0845449220774618,0.22967058914942,0.00610546031320024,0.152130903039889,0.0388746059029794,0.0860867154255097,0.159934917057539,0.0545481599409102,0.141706173903487,0.112224626628837,0.0987781084630919,0.217345193107131,0.0912461957730668,0.178566488741957,0.131961973992811,0.102636540086351,0.0831722588440546,0.0614045041919643,0.325167873298375,0.288714472431411,0.203350309773428,0.217128948946305,0.133488583788933,0.153600486836869,0.158248248872467,0.132171959669275,0.115531354263722,0.202492820871947,0.211168601382069,0.218364625865958,0.214473630222732,0.164819303614501,0.345173401469231,0.21612542477715,0.115566595422647,0.0185619278786739,0.085843100499485,0.224622857903992,0.109017375828674,0.071979098390395,0,0.012352031331873,0.279227163454146,0.126353262786431,0.187199932316633,0.0071496683756665,0.312711323544225,0.165320934094984,0.219151317473006,0.092660086002946,0.290788612593714,0.190079872923344,0.0538227364241587,0,0.121714797795808,0.070531435937676,0.142684088465079,0.172501369931266,0,0.249704842460809,0,0.262643703187556,0.178459735360404,0.365532038168319,0.0993281155270518,0.248521411345904,0.195272985430374,0.228506448682761,0.235810317506755,0.0314417654733726,0.228741167839312,0.266650674253676,0.147428672312577,0.370795283485026,0.114008073161244,0.26868698660266,0.102805476273347,0.188383641426711,0.135678370300047,0.187997608788783,0.119143266079291,0.145695077484249,0.180587219709041,0,0.213229757307666,0.192783883192819,0.259605930745293,0.237089274352641,0.115712927390741,0.123201579146747,0.230261624193145,0.138914106187968,0.0656570062618685,0.319959177765822,0.101340680610348,0.0538761863582414
"37",0.0323255818531176,0.122568655020867,0.0996081040963593,0.166290930677425,0.0136841497708805,0.120244630730048,0.0953520974050888,0.0845933388117059,0.0675950837845398,0.199482736281459,0,0.106121199623853,0.046020096592271,0.12796364551604,0.141106246016503,0.0972280195323296,0,0,0.064200386784954,0.0358130710966469,0.0838254664747266,0.0636479764293918,0.0766765371114209,0.165646559198469,0.0326600206213892,0,0.0371880041253929,0.0192237076478738,0.107528711694129,0.140897802224794,0.00762778193100454,0.0936720403631023,0.0308735080960861,0.020704261488468,0.0460874564595908,0.0612705139027658,0.11816568132962,0.0278827831919002,0.0769023394002255,0.146242890965668,0.150079922905481,0.0998038638226706,0.105473101516239,0,0.0739363777259306,0.104756426655075,0,0.00024850305188932,0.0369334802369047,0,0.096590652387584,0.090139603707419,0.121607362829838,0.0374490219216695,0.107896928286973,0.0266047148380488,0.0518082480689025,0.0273708528120534,0.10303774801336,0.0990995321576383,0.0979147127133006,0.0496906698789503,0.0211230376859532,0.0519521768686511,0.140328519270595,0.14075332750728,0.0294957966139921,0.0881886827545815,0.0167955325755434,0.000588216894042639,0.0567506303594591,0.0794352398626324,0.0175725263966514,0.141563537321682,0.157836249975127,0.033002193710885,0.0589785677446495,0.178726660745532,0.00332202972494395,0.0972745265708198,0.110476269319793,0.0529869386220045,0.120405451600882,0.118900226602015,0.0804035383533926,0.0632572534546052,0.148553746980878,0.116559278210033,0.0375710367398808,0.0227018472101395,0.141009213077149,0.0405763348583634,0.0636713007391745,0.122999772438604,0.0390655485159672,0.0870879502278409,0.155221974123363,0,0.0665730541170366,0.117973174462073
"38",0.0430186623066305,0.0763900669311548,0.00795061317014112,0.0315438410199441,0.0505942832478384,0.0432027047892208,3.35589801751866e-05,0.0565137537406835,0.0195258545802802,0,0,0.0532841918528327,0.00745520064997496,0.0455726552401926,0.0517781552597801,0.0120866047698583,0,0.0639763458843085,0.0199966006394965,0.0500926290408823,0.0203557841698757,0.0159646046756842,0.0275528488237382,0.0460292232295622,0.0362065549071841,0,0.00583148428784159,0.00219579401141068,0.00647810901019135,0.0320420733688892,0.0317094197061377,0.0572145228582963,0.0599382603775608,0.0215368603653934,0.0317969510879522,0.0568091698366629,0.00148141791678971,0.0637705570278385,0,0.032452001177674,0.018645121076569,0.00300619876605609,0,0.0364296815054201,0.0118897974039379,0.0461402955130912,0,0,0,0.0547978806104574,0.0367527193468176,0,0.0291209330678056,0.0649643068537999,0.0457102193574536,0.034528597202127,0,0.0532609889724155,0.0692040891630874,0.00423057937196519,0.0168457987353797,0.0154414245259732,0.0503720705262112,0,0.0306668527959758,0.0330014712469367,0.0338915067790415,0.0588993010902196,0.019520299833894,0,0.0694229705360574,0.0133495719509178,0.0514864058470933,0.0142385370511542,0.0221825500535436,0.0565435139699912,0.00225242282255937,0.0378143132673154,0.0482410086725474,0,0.063302526958185,0.0608871689398148,0.0527232110369685,0.00705875219154007,0.0379404812327605,0.00884973632940926,0.0371887996119864,0,0.0216124396047695,0.0552696465666806,0.0432458877336474,0.0238626452333709,0,0,0.00530088614300962,0,0.0823565983724685,0.00783789724101985,0.0228214807959303,0
"39",0,0,0.0110385446816915,0.0198966653253751,0.0108271273371971,0.00780788617111115,0.00563632358311318,0.00607751064276255,0.000415533972840791,0,0,0.0355835586892689,0,0,0.00207177986850669,0.0150812838753026,0,0.0158539777269735,0.00458389409937025,0.00229818617122221,0.00349055878471916,0,0.00713339508083982,0.00838823676512221,0.0117428888694219,0.0188779462122214,0.00125717966538868,0,0,0,0.00220046544072239,0.00792833062745349,0,0,0,0,0,0.00826999045351225,0,0,0.00438469728762976,0.0178492383640139,0,0,0.00921799882171843,0.00343211533425201,0.000527733813949695,0.0148813035729294,0.00956597654394719,0,0.0237413419072193,0.0148891238998573,0,0.00344756869746394,0.00612114979419038,0.00220063676795047,0.000854887864159793,0.0035494957446851,0.000178879584348187,0,0,0.0142838005988527,0.0280725850545355,0.0196096173125475,0.00852505011363941,0.00660587208947677,0.00171450981785468,0,0.0163410277319421,0.0126732087521956,0.00253445478795219,0.000395359827776185,0,0,0.00822187151991451,0.00406150263997052,0.0159224875554613,0.0154094633400124,0.0118079785203162,0.00633951732939249,0.00656491479249686,0.0129324231176923,0.0116420483184747,0.0165637705502912,0,0.0113202176673017,0.0114379599977418,0.0154105786746861,0.00284860358233475,0,0.00914852409674532,0.000677443984711248,0,0,0,0.0156717797596135,0,0,0.00134386335260247,0.0183442270994133
"40",0,0,0.000694461573884073,0,0.00084938403103297,0.000517369816776372,0,0.000265349820573701,0,0,0.000248562776940992,0.000556820363454267,0.00184466495052291,0.000512868243915778,3.73044897691349e-05,0.000783322261833789,0,0,0,0.000112732057394965,0.00109331744555447,7.55396635189968e-05,0,0.000119782972273167,0,0,0.00064820110757391,0,0.00012210004266487,0,0,0.000274882006310374,0.000161700611120182,0,0.000104245316335672,0,0.000362333234273008,0.0011811926486945,0.000508881892585341,0.000179116905094968,0.00153675537178632,0.000146784135391353,6.47977384269016e-05,8.35644536423991e-05,0,7.797266731374e-05,0,0.000454160473499601,0,0,0.000212348280566291,0,0.000307575124201276,0,0.00127979460915488,0.000818947131884894,0,0,0,0,0.000344169818089861,0,3.77944930000111e-05,0,0,0.000623207548245392,0,0,0.000668059776061001,0,0.00133355353565629,0,0.000284327309378823,0.000231490910155461,0,0,0,0,0,0.000773094158772012,0,0,0,0,0.000504149644011293,0,0,0,0,0,0.00024266708060471,0,0.000460093681802535,0,0,0,0.000717957141998892,0.000604820058373214,0,0
