"","V1","V2","V3","V4","V5","V6","V7","V8","V9","V10","V11","V12","V13","V14","V15","V16","V17","V18","V19","V20","V21","V22","V23","V24","V25","V26","V27","V28","V29","V30","V31","V32","V33","V34","V35","V36","V37","V38","V39","V40"
"1",1.2024523664184,0.86509470115514,1.22299351425219,0.53838853949968,1.05887464808745,1.29516253296141,1.35454884461617,0.874030945788845,1.18981879840205,1.02723707297407,0.97532043555968,1.18545361284519,1.20437794624138,0.64635706775629,0.943123086775015,0.724756297737872,1.55165375761417,0.58128348724292,0.712993667461334,1.08648194741871,0.983817340744675,0.935025965556459,0.95777716992286,1.03686538073242,0.824982036063513,0.974034529932147,0.992166717575014,0.977058979764738,0.897449025218354,0.98433522012796,0.822964145147186,0.919207382964634,0.528783907244386,0.990841280871837,0.546426837931271,0.241768570993753,0.112625277194512,0.267373656144687,0,0
"2",1.01937579496746,0.696961124716213,0.845416023144549,1.65320030944316,1.16957093725936,0.66644557010443,0.913523934098046,0.828979641489779,0.926589039506506,0.789711691138446,0.972794057858561,1.03850343781385,0.738409585682216,1.19496744043864,1.0565257714277,1.12118676473057,1.38074073243296,1.05483463672958,1.07576056432279,0.901096150679491,0.968540042071551,0.991623868661129,0.963210943420961,1.21238725440792,0.873991608051609,1.01625543836499,0.777995437628488,0.893202949286926,0.992300681711914,0.905564171773066,0.810231339535951,0.921441318198445,0.689587125448399,0.735185831818758,0.421160452420414,0.311585049605164,0.427040379653746,0.474786764472964,0,0
"3",1.11854342801125,0.488218814720584,0.667645335632078,0.677932792103463,1.10178800861792,1.06244387961933,1.170015429883,1.32421148676013,1.06216393213839,1.15133591200742,0.930483114761293,0.900324064747405,1.62001064509414,0.793747883728398,1.00528716512067,1.36972878747748,1.44081807336709,0.445602579035164,0.6442490489792,0.914856210680691,0.977209043759779,1.02367598598173,0.974157667008783,0.650729770213275,0.972875513243353,1.05464567772716,1.0672781930914,1.00937816688461,0.948645716001515,0.866680268673012,0.922521334120109,0.961599440994151,0.336894377488129,0.804863686236811,0.479920247661705,0.511054910694621,0.347043724863078,0.0494154024767311,0.168436762736007,0.188814740207317
"4",0.904548478499884,1.04621370753213,1.58121493396563,1.10985136321306,1.5546799407442,0.840678248592177,0.990623582514769,0.924179335651399,0.713268087584731,1.49483525338634,0.973873712955833,0.55029653982879,0.798408138498119,1.1187738806267,0.994321137030666,0.731325809386971,0.314432455937714,0.701004738392042,1.23284581240886,0.933711411663531,1.02246051834787,0.881191269310484,0.853790197465982,1.2686428929911,1.0660560844021,0.991986059002713,0.499793343966858,0.857341345166194,0.836502576503022,0.793180540546304,0.697451966909539,0.842312713631975,0.780312266007261,0.684630278961027,0.233950176656646,0.343505046812189,0.579372778116662,0.196054262269547,0.303602512223052,0
"5",1.21548560487928,1.2511380909132,1.05435142866818,0.777698712149561,1.03229836544314,0.599762351966788,1.09614887592463,1.15712225852304,0.62543242496865,1.29619466618361,0.997673315810577,0.892201986224789,1.41553022568843,0.918783591409678,1.26626675435216,1.43078342668028,1.22287068757643,0.711148816710154,0.933030326507354,0.962634066990617,0.953539952196781,1.10140254354018,1.05001613398813,1.12784625402187,0.915261274654477,0.975749668712431,1.25915727678498,0.876352656438172,0.948061061948342,0.735466932436056,0.551236432812783,0.812838930994686,0.612090778450949,0.62409537699106,0.188563608969469,0.191545002352663,0.0476768266111811,0.314458371475428,0.165210752956662,0.230936067864434
"6",1.25567593033279,0.66845460841036,0.809844847564563,0.312537212524265,1.32932799517296,1.498304417137,1.57602401107131,0.687714525457658,1.2826481688069,1.01928822953835,0.752793945710949,1.22277542326542,0.579664587639397,0.776773566962714,1.51409281229453,1.19340114748976,1.03968217981554,1.05205271154081,1.11906725382179,0.954846359531518,0.912476364097794,0.728530784567839,1.06531477755808,1.09625132217441,1.09175701462278,0.991565607974945,1.25927713129619,0.814201667864498,1.12871476559628,1.01587779716085,0.831209580425327,0.927641930787096,0.614843595901494,0.893766924850099,0.314833441980533,0.520341759835754,0.418943266935109,0.268517534378402,0.11914025882909,0.140665878746007
"7",0.598954735843017,1.06932613076942,0.508996328032673,1.01727754644984,1.03328025362878,1.20288629084529,0.515589206770637,0.828684317216829,0.820216523121972,0.993416568488095,0.989534873921293,0.795926176483618,0.809682402319237,0.88463017032708,1.05308336802113,1.26109525883935,0.673752671170459,1.18545866863094,1.03889189916793,0.971294211332111,1.12892609977043,0.836208016725498,1.04035147817138,0.970607494719024,0.877602430463926,1.01104644025602,1.18986924419161,0.831675449851929,0.782185609872141,0.909022584179613,0.720856043415454,0.94183624896497,1.14267306205033,0.822201529434111,0.734531159662806,0.0138325328277497,0.33221540914941,0.000208578945620624,0.0860044621322962,0
"8",0.89109080446986,0.82466162454856,1.26549307645647,1.05012448815652,0.986052106894662,0.852330245469159,0.975635849838232,0.67525787799219,1.4960347656174,1.07402137150027,0.99245709518481,0.738157634223563,1.27983744847093,1.07531019519184,0.649727540454103,0.585347902885697,0.503878266024779,0.70757752113891,1.30489044059598,0.983134231473479,0.928890528309886,1.04629188366374,1.0119067456577,0.617190349105563,0.943042710591463,0.973966072939339,1.02472681309451,0.919594100695371,0.887956281054114,0.858273109467468,0.533072232058727,0.932225791778494,0.665830908179027,0.725781452998193,0.726124679798024,0.34466782232042,0.294730912370531,0.351249623998141,0.09273651986556,0.072145039149488
"9",0.859848745512508,0.847655889497306,0.464604072236323,0.557769292511988,0.646662341837235,1.28883353828762,0.801100854902027,1.44758365732256,0.926801288054975,0.917260393470982,1.02335570435612,1.02886243492427,0.985249142815181,1.07294754399341,0.818950129694065,0.740098558497034,0.811697608159274,0.786564496149449,1.52582037052996,1.00821928813779,0.983491921389961,0.933909858577491,1.03176502743637,0.960195094509088,0.853240525187853,1.0192948329745,0.95135678834612,0.855745370001617,0.937456372287708,0.717574878568938,0.626258126863195,1.04369978868795,0.342532698508397,0.897787120400037,0.254605247962513,0.0880743194999061,0.235507440602676,0.121358936994987,0.00634061818930008,0
"10",0.686428542364942,1.25100735455016,0.420751186377005,0.886525065463986,0.70175398678178,0.974895814432868,0.811837085837306,1.80666601261478,1.3467708353118,0.937171724296655,1.01055355615046,1.13717481854728,1.02135799443803,0.906932410812681,0.354228656316137,0.822933855868877,1.02815141671249,0.953460112941871,1.35293631421053,0.990425486977265,1.02707721468312,0.891781172490057,0.840072873845817,0.993790001431582,1.00135333984258,0.994438104535145,0.813226054208066,0.907163084277746,0.956658638675343,0.816477949410784,1.11687912500419,0.876511331367857,0.732568719292671,0.868297300447613,0.590929348696612,0.195038089852449,0.695016057910563,0,0,0
"11",1.36917478580745,1.20297029126126,0.935073172396471,1.09050194775163,0.920776821188696,0.826709373047122,0.897020360473507,0.873641267155378,0.678967833226728,1.1490463037758,1.14691296595149,1.04984910239951,1.23287953911288,1.29011940894046,0.827072560269178,0.790271892656938,0.252610716765871,0.683722917077492,0.870302607467018,0.959977303269125,0.997815462882893,1.12384177463778,1.05374386277511,0.800669284371463,0.792962648474338,0.98977798031961,1.20150724507454,0.90127453501186,1.28529165829768,0.799867322341945,0.73705204838714,0.789312203672939,0.449368289565477,0.672927667312989,0.30439237317236,0.362348598961286,0,0,0,0.0675808682845238
"12",0.505750895458544,1.16811105731306,0.820627745409685,0.944635867430217,0.640849960966689,1.3373382493333,0.913133244520865,0.851419965870949,0.88879878017791,0.972169453747638,0.987190852749119,1.22679559096032,1.581118496372,1.10570632698761,0.916590873034164,1.13395200187657,0.776069654115571,1.05696714748061,1.18840590989925,0.953793478860176,0.889615203389113,1.00606533147828,1.01730914523347,0.990273650987956,0.944229741694262,1.02230405029971,1.11473630181971,0.774664089691328,0.843229977976927,0.834305832080904,0.833703970987829,0.891902189094538,0.791275116304807,0.79736987040929,0.377106795974335,0.123584328514042,0.369735944063074,0.331176945690636,0.542968263034538,0.151391950572216
"13",0.769973169667153,0.826490813734442,1.20923012043776,1.18086631348702,1.67370074249732,0.768268939317628,0.697080474868273,1.37492083894242,0.740868820450651,0.999213598456247,1.11653368354689,0.700596306997954,0.978711055826952,0.783846386773774,0.656631657103616,0.904921311522285,0.394356329205119,1.47725989050487,1.03715579119446,1.00875294991589,0.838878719257069,1.08840145192611,0.906682811808474,1.21662233156235,0.836996527833025,0.926291979791939,0.99809394940321,0.883371807164311,0.935285939895707,0.729148725085181,0.672773737992179,0.865685848432504,0.387898209915393,0.733563788753057,0.334615998825295,0.321049552672852,0.160338216301058,0.0463362677543977,0,0.501539532928382
"14",1.48521808230217,1.01511618381765,0.557327319986575,0.910360123861344,0.480936590867063,0.933151167744326,0.504715164961136,0.85169929755053,0.936823794907145,0.920492542503928,1.03082667784381,1.02110085096285,0.695541292219009,0.70383606901193,1.05095230481406,0.338714842514355,0.634492426818592,0.609617593662809,0.974160447877359,0.896112224332141,1.0035863598704,1.10380336430812,1.07232742792579,1.12471290569834,0.91042489652094,0.999396690371567,0.896811004427926,0.813216045465006,0.986078866469739,0.607149966594448,0.718897725032646,0.965463935848323,0.754815986393846,0.639021407010108,0.319333260665133,0.254256149789247,0.445837018883366,0.283247474431894,0,0.139441961768939
"15",0.921244581891382,1.08316860853444,0.991326859569558,1.24653499903081,1.10361060990897,0.777864570381188,0.918323788712602,0.923073828703054,0.822267281279214,1.20947566828858,0.932580282066891,1.0422227869468,1.36774979657003,0.945660361112542,0.88160992919582,0.87338818422229,0.877302047179642,1.25835783216719,0.89081019716818,0.927237189687317,1.02848753312676,0.842047659722786,0.937404810184398,0.971040923583604,0.969201567372885,0.978037122669471,0.587458418006606,0.871903489890714,0.846332389874394,0.968597481538417,1.07300388650596,0.849588683645093,0.633942301143301,0.958425356916866,0.793912497170636,0.223791713955561,0.491627038414867,0.321816484705077,0.0316132157105536,0.0101425878827696
"16",1.00770454653081,0.783656806858341,0.584218262485252,0.76285183344762,1.23485237438656,1.20135153995841,1.2964159913064,0.281328023613986,1.25245004979498,1.32690493076572,1.09809604078208,0.962111778595943,0.986952279319334,0.886368420511035,0.902086642045132,0.816539465362083,0.867497127481446,1.47689062976861,1.2191672989016,1.01240783027503,0.992860621836136,0.926270269937473,0.8330775760859,1.02292748430915,0.978391101837024,0.99099523484696,1.02817975091831,0.879059791349366,0.738421479765899,1.02423877378709,0.61681805966986,0.974176985712662,0.963857871061037,0.559506783447597,0.682064247861909,0.492417338641603,0.338751293036537,0.0751218084062722,0.230124777052537,0.212974763368901
"17",1.19479446665645,1.33008412027878,1.17487230755322,0.684182756943031,1.26319924635196,0.813730492234266,1.13346781020808,1.06603731173742,0.789081272499857,0.488804219661557,1.03234516290423,1.39906169434453,1.03268362234821,1.38335308830194,0.396604353482098,1.27489741015883,0.849332288423,1.12346197357519,1.17893621913688,0.954864100433747,0.997118088067677,0.876180214541713,0.848650460517178,0.870702383375222,1.1017575497994,1.07474290847601,0.887979751488193,0.913095539707386,0.971245280094748,0.881017370188722,0.840079403041772,0.905301907327948,0.880852725417663,0.304251178642089,0.321989023784401,0.206727410169119,0,0,0,0
"18",0.963620582761358,1.44725562752936,1.04157725462496,0.961590547883713,1.34837697808091,1.28103482905225,0.958099227178892,0.712208738860858,0.931953841579593,1.09113829048973,1.03960546938975,0.932674677119548,0.739184816010562,1.17692045190166,0.817804411773186,0.829475805710189,1.23752665558687,0.707028939643686,0.71735313361791,1.00067860462166,1.06849494960582,1.08763324492971,0.949009186315462,0.954555013993413,0.864352714494715,1.02673580447137,0.818262736670823,0.803547118598978,1.03759435748231,0.796777189173408,0.553662651221895,0.905485333999271,0.94013701425633,0.918647541083599,0.177032609093067,0.404560293696255,0,0.397631832062526,0.241915285196,0
"19",1.2003308212947,0.626434915554951,1.0269885274757,0.968473999531806,0.574305139401948,0.841328683767504,0.815703022484449,0.963289113510895,1.02207827579748,1.23532930940927,1.04985738928743,0.945911452209916,0.607310395405797,0.937104457792798,1.03772230124367,1.33197607113988,1.01799177104497,1.14522291644909,1.37914273403731,0.961937339334289,1.00903095149678,0.874520088215091,1.04497048643464,0.865105692411462,1.20964213787275,0.921190753068424,1.24546479453086,0.852763497193529,0.93064660459107,0.769438147237261,0.700243854541859,1.00783597182152,0.887513288067259,1.10522234549233,0.696799253738341,0.298973090255569,0.223680006457578,0.124284762397721,0.0699454778765545,0
"20",1.24185971171989,1.17019218949041,1.11565893338756,0.75810674236202,0.541858508445634,1.31298078455377,1.58094384445793,1.13993863222782,0.708631787972966,1.31150730042668,1.01971831441469,1.62028552274451,0.731840980010788,1.04973421317486,0.837737963257145,1.24805128001184,0.870912544282717,0.931184364708659,0.974085219627337,0.963317515831822,0.895084869702287,0.875862138279516,0.985503777110418,1.13765258296353,1.11830121178563,1.02412685011876,1.36837706196756,0.841112675461046,0.973320177270968,0.952529507003856,0.883935104450313,0.913027590492613,0.658871030868409,0.796040956648554,0.148543042560192,0.232533377868594,0.124776007985688,0.311340442831386,0.0350679414730611,0.0306503267142897
"21",1.09131268032782,0.693793715514872,0.799485327682815,1.15158603606326,0.975869186237513,0.871307023820019,1.34982871174368,0.869766470409861,1.22897049087934,0.689251312473258,0.845190543356724,0.912468758300556,0.383351775531989,1.24917697944937,1.22666764810235,0.604909841980246,0.94920625287982,1.25962305662789,1.1671529343821,0.936248997630296,0.956107593259786,0.990688070208154,0.967198345886168,0.785357005419253,0.916283148878202,0.993716552664508,0.997024277653926,1.01673856397533,0.723967592486654,0.870054902575352,0.638465022333818,1.00769349693977,0.917166124576712,0.527723449321336,0.651544121603876,0.188435096094408,0.292055575072806,0.126517193826199,0.0532623129943008,0.2972582749135
"22",0.871412093710796,0.76115227638315,0.992583507438447,0.162112325915139,0.458121944750504,0.708235083989311,0.650875015326392,0.762114352228396,1.1138677321038,0.694012574993463,0.917792997255639,0.763293000088086,1.01186666767106,0.733324293621712,1.09309408052539,1.10802497913414,0.979720859454127,1.11277286322516,0.9037294771069,0.88113023770398,0.871033172758732,1.0845971708815,1.02537550601702,1.15542328846182,0.785595310043844,0.975727759609296,0.540942805329632,0.781583967221181,0.961715320443978,0.748546507397029,0.791547912348999,1.00746093899816,0.642604070955525,0.712084384120016,0.461376596557002,0.139118064230251,0.221755358366075,0.09922471997425,0,0.0205382161937565
"23",1.34158071974259,1.12529484610077,0.642360901201737,0.933552196587092,1.08566423116084,1.00280924540283,0.78887398078031,1.0932952028025,0.780834987956842,0.599699144060608,1.03461303975043,0.671670828658884,1.09468204403676,0.947100332126597,1.07156422256052,1.06722461824643,1.29453012418069,0.941132679610121,0.889511027102702,0.975193459939864,1.00224582156518,1.0982860312048,1.02110654068037,0.945780481147439,1.03103789021,1.00340011642042,1.07513930526863,0.816334494367186,0.815773307912297,0.70844409388695,0.887678082277485,1.07074718186414,0.694064602390126,0.419225789484038,0.46730837150116,0.736700437181567,0.267148052762929,0.171249070338229,0.108848223147247,0
"24",0.891085796524443,1.32157532119277,0.581801253027562,1.41780388166198,0.719529444463052,1.05398717318798,0.736863072553966,0.959845071662015,1.07824809369685,1.21744009968322,0.928644524349277,1.34631548607497,1.2075741833133,0.889680249103873,1.63062799903936,1.54874612296733,1.25586152811164,0.844994632608785,0.893585725572748,1.05999716117873,0.947486299098803,1.19142249298705,0.907078704625806,0.86974465445127,0.927623310496429,0.997320720829405,1.50231614874607,0.96723581402741,0.922081823327779,1.00783286801538,0.822045527957765,1.01058173432381,0.78087495185432,0.366856664903483,0.195647201715532,0.654111600581449,0.577127729078925,0.286085178954788,0.127995808009343,0.032567375419383
"25",1.15412627700833,1.40999466860243,1.50018547219269,0.725021888076268,0.836147031848121,0.854202100178054,1.06078679429856,0.949001512296253,0.693140876443705,1.21047125205414,0.928614055050783,0.943846403884547,0.870934582947968,1.04778613597998,1.07360435034678,1.49818072581702,1.29216763429213,0.769256086788457,0.843965446084163,1.01449107496853,0.992024463168134,1.11434973344435,1.02513667193117,0.611336431007454,0.855066108625601,0.949150235348903,1.00031089254083,0.875088290170118,0.957533404108874,0.97073124693969,0.635435499133412,0.864573782244737,0.705559483376462,0.647419700116991,0.393448201919128,0.460710526508955,0.113790492383903,0.225034402346933,0.179184325775726,0
"26",0.979585423394355,1.11841430560433,0.403796649699191,1.07746562810747,0.697824899470041,0.823461542042692,0.899976767087984,1.07616287146251,0.909523798309284,0.916189277728485,1.04071570501147,0.941059243908398,0.92604361603506,0.811833975889946,0.639955412569031,1.20282367184977,1.37139037143447,1.00677582167534,0.870669591021439,0.982254900419273,0.983446444446786,0.999753718704921,1.09845699022304,0.737593049358194,0.950635785073136,0.987693746979436,0.887712418950723,0.993717143876404,0.727503288747188,1.12888518629124,1.02504608775628,0.836643967696775,0.294110349914487,1.06374943423638,0.44060661659716,0.491927415802048,0,0,0.288057913319403,0
"27",1.13562230641577,0.447527706979826,1.3293421184043,0.832574048783126,1.04401116943058,1.11369809578314,0.630502145648225,0.702512964888724,1.14669757098279,0.777265001737772,1.05599940494282,1.08896579906076,0.743831763839358,1.13713970255545,1.32266351560171,1.09325788710295,0.672803486314814,1.22353800565157,0.771432359603591,1.00561071377197,1.00676733641529,1.00126064853393,1.00247925576754,0.752262842088085,0.804148797210103,1.00240176771464,1.3224309527511,0.955229862001754,0.845124010289311,0.842304960272306,0.774999035658906,0.852622079045501,0.616878919187877,0.862598626748669,0.175800916589406,0.302431777895281,0.129566400133617,0.0362443923448122,0.019183260033075,0.176237143034632
"28",0.876651399112522,0.812928978194756,1.63562999482746,1.35984620866942,0.938415455968726,1.20223727881931,1.12665503455603,0.417097848066837,1.03276574765232,0.726018293277916,1.03929452204862,0.806554444763438,1.00467693782713,0.778433416278254,1.30593446958277,0.90698696685363,0.516960284770398,0.921444022771645,0.517966582362073,0.955646448777662,0.917094759832791,0.971899013317385,0.991380826426875,0.90924362818123,0.968797396016697,1.02178135423,1.11807375019106,0.803917665502009,0.900980241513131,0.925145174266433,0.640718950557805,0.800673116854991,0.759741245068429,0.651444724798091,0.224016493419469,0.347997311838335,0.0669771517922185,0.0136475064888522,0,0
"29",1.19665287965573,1.04082981603672,1.0157333714424,1.09897262278088,0.843207488846406,1.12992475565194,0.943681745614792,1.2309377378697,0.892050332499374,0.756476235262089,0.840253248578311,0.906802581216918,1.10432578528519,1.01829940590688,0.673464556578933,0.690894300879789,0.989561732635207,0.407903561731401,0.977868110129908,0.994526121313296,0.935339017451285,0.97853338303232,1.03334675196697,0.585197084035169,0.951808960461003,0.946540980248974,0.567996621604347,0.855474017540946,1.28071753524626,0.91888382948338,0.791572568835156,0.918921607634939,0.53123117227751,0.566359606660293,0.648553768012026,0.358527282984653,0.374639844564841,0.0402633554389191,0,0.0331973556234778
"30",1.10972029958192,1.11614903696037,1.25334322190891,1.56468267815245,0.529888735920669,1.3678310268862,0.835996581145233,1.1072194995297,0.879975686815901,1.13234345926496,1.00068245057049,0.711081882262855,0.766787175263791,1.05224041313297,0.467647875876752,0.459308279490756,0.769172558844767,1.19328344398203,0.858848267603606,0.94734864376592,1.01154930232363,1.12492017845713,0.903971802033998,0.957150973025994,1.08549084406814,0.982433884000906,1.33690811258857,0.916181708427421,0.799696916524273,0.978715086581624,1.01998665103614,0.801816904214451,0.638242191861127,0.925088325051718,0.371860375339132,0.299448833870964,0.490900801222067,0.19915092305824,0,0
"31",0.411644237662459,0.723316639616725,0.604291410617012,0.999136277008406,1.250297415395,0.860323155879803,0.389000559130584,0.581617426375753,0.775631360148713,1.25607980763204,1.08089128850164,1.11762628642626,0.985154387249373,0.748459903203048,0.992581582871644,1.38389174809026,0.850906330775399,1.54013520987182,0.869659470020525,0.989168412731192,1.03886795587092,1.04192075119232,1.04255531708182,1.25440108347923,0.84896865759803,0.939034510606323,1.00084773425546,0.853225618815037,0.904153706371832,1.00273714550649,0.751929124771006,0.910673009337301,0.933712237394079,0.51633793179585,0.334067166551103,0.26174787297072,0.0265758883556127,0.197083382570676,0.0335768243038851,0
"32",0.706838373776586,0.885025736922403,1.02802788945483,0.91716513213698,0.942917896693228,1.08476528095798,1.32965537958697,0.898426083302414,0.859264790834867,1.01490896978207,1.0257782750659,0.81212908410446,1.17488733378508,1.11860764183945,0.799861461448733,0.4495387316207,1.01323350707158,0.933196176062241,1.21764329259374,0.983562743038129,0.925228673441981,0.954618609735958,1.0000111017049,0.991066495234391,1.03202145411375,0.955756296368898,1.08602653893435,0.861947697344778,0.798695461078792,1.03771682488695,0.792497923954103,0.901938691683862,0.78519150127532,0.687948871972799,0.248641271763777,0.458767799380991,0.326361937093869,0.355605110455482,0.120978116526894,0.0747367119520761
"33",1.12035640928843,0.812571853988555,0.80644867718577,0.612491280834168,1.187027100864,0.971210113125303,1.37075565832134,0.771936066889786,1.5002211016499,1.1140899541464,0.935085136132682,0.777464069522519,0.772338162669472,1.15588083694226,0.478268370314725,0.862299056278243,0.641110297685254,0.98457178149545,1.35034749080939,0.999033210025623,0.970288359624196,0.879692980299903,0.907008081446139,0.778211092110438,1.08708741542326,0.994846156569011,0.876790195733944,0.789606256726226,0.785582419424013,1.04025289546812,0.807367152263268,0.917847447815572,0.503887061861273,0.741513978683147,0.906827520922016,0.478423650464511,0.107566119709408,0.372533941336212,0,0.0439642163485898
"34",0.86638080898704,1.15022705768265,1.06307746875559,1.4331773100964,0.821721394949006,1.09758750593581,1.10392763048119,0.931824007279642,1.03348626665546,0.950875805001387,1.02825833218636,0.804948153309067,1.16499080430166,0.957270110949177,1.23997648616275,1.00281885565785,1.39708333158584,0.859475337295138,0.618611430596751,1.04815152200695,0.996619851969397,0.692368073511873,0.968750614584945,0.575815526305362,0.901883681559512,0.99253020531811,0.990637264568423,0.960590219600307,1.03610631096916,0.800124033014461,0.590482456706415,0.973372038346024,0.744987413412717,0.577903170177803,0.710741314605527,0.494726965824286,0.0721355364875349,0.133857930233346,0,0
"35",1.34255913947907,1.05083402158012,0.902750404711877,1.0323700639466,1.44574079843204,0.961461414737836,1.12351837775458,1.49223673775873,1.20438166371059,1.13284764604724,1.16545306124969,0.997554238723396,0.818219304092707,1.15482680168008,0.31407170682297,1.30513880245968,1.24873732348869,0.883622202802819,1.01191462220345,1.00378018583589,1.10032762944856,1.06879817560913,1.10111314749997,0.949268692416704,1.08710318469391,0.929590336693574,0.967898671601395,0.808503400328234,0.649441182151392,1.06603145543284,1.06580413151857,0.846941914096276,0.623020887851769,0.802943185106091,0.494828456425238,0.485911524857256,0.160572904226032,0.197627415888503,0,0.0283428962263002
"36",1.08641943352063,0.921738793026165,0.950988006589211,0.69593642580945,0.927616370741734,1.24262578411801,1.28971032951963,1.43114256194058,0.881412364788259,0.65660022947715,1.00922306548877,0.734708336711193,1.03519541425267,1.02851604735324,0.962258723108173,1.35984963660853,0.562066001059437,1.57310513037292,0.732654999792699,0.867837416894282,1.06711859001483,1.11821755345393,1.04179532805675,0.741284313286738,0.925517849221097,1.0169475711454,1.23421445441973,0.88142665255024,0.921756976862768,0.691352737291701,0.692131267215712,0.916063668015264,0.445333883877192,1.119229441612,0.659431139666646,0.373414666698475,0.213472061957136,0.353085722040963,0,0
"37",1.04150433282288,1.10700041115925,1.1728686231969,1.1397377063413,0.99301357898344,1.42229038138973,0.441284950228921,0.621875595798637,0.799987055677835,1.13214654023945,1.04438405215252,1.07693512768089,0.655964243933885,1.07918906662346,0.942844337500726,1.12769319859629,0.700923034572849,1.20199910996084,1.09142400032422,1.08659752934763,1.01253770902202,0.920349775770306,0.979052207934332,0.900298699701029,1.03039034751313,0.972640337348509,0.954727918974256,0.910556691233643,0.750512359095284,0.773413821018773,1.11496079020257,0.922814898991755,0.856066956389047,0.701674424692677,0.215253576801796,0.782024968169272,0.411700017500019,0.00920744866186271,0,0.0985135219434838
"38",1.25782785864765,1.15356457363118,1.25073150688334,1.06023899887734,0.979674565497963,1.07694332761864,0.549751137653241,0.575937898141707,0.960616055627196,1.1563029157159,0.995906165655305,0.933417166234595,0.911096659243493,0.870060000340891,0.449737882063219,1.61141668484258,0.931040017734233,0.706054222140558,1.05404493777464,0.962869499309988,1.04043869229338,0.695338943560859,1.08480350737842,1.07095145662518,0.923837011133415,0.968847914747645,0.682652586794067,0.822496231935057,1.1112582996069,0.871601678257162,0.866980191440151,0.890309914758863,0.642186469752919,0.739249276600643,0.278052459412037,0.489653831125185,0.0971461612109968,0.39635279371038,0.126191491724237,0.32115035804022
"39",1.02911730112982,0.927179190216977,0.940324757753496,1.19617603878148,0.726778585782769,1.12536030580909,0.823614459305307,1.48454774015349,0.92617872474598,0.981298046055102,0.900825271143458,0.787532240015546,0.946290981580669,1.23779772066015,1.04021034739054,1.06742126651957,0.772993127005284,0.929529697981052,1.15709517667395,0.939232192209174,1.01187210219902,1.01546281835436,0.792360923561986,1.0817071712999,0.948626126004663,1.02682597253093,0.80981492164683,0.957169108407247,0.925637237122808,0.648371106285419,0.577687591240049,0.934408154512413,0.689225379074382,0.825691684896893,0.367010693101547,0.261827715351591,0.267934768543741,0,0,0.138358126580447
"40",0.869635911729238,0.977084927971128,0.60352003275871,1.39686473865515,0.534296092260876,0.923144572998872,1.17177054681293,1.2701156458375,1.42002297422266,0.953267785186337,0.952635595466004,1.15054361648664,0.877315642646517,0.92536925892546,0.797558394995789,0.65421195103109,0.975021871542173,0.79146428431009,1.15544152178332,0.883751488147712,0.994075098461293,0.999641319278361,0.89352039348571,0.974002172936074,0.920690787201317,0.987403088858239,0.76351438990652,0.811338909789444,0.83871622642419,0.881248801620475,0.739287468478908,0.849446388106001,0.283809711653809,0.394733507215481,0.432312330354797,0.0420539097065223,0.509523578185696,0.201698745122277,0,0.048699471898917
"41",1.35293480429564,0.985421493638305,0.439444856254377,0.844963939935037,0.932941536277784,0.808705240118607,1.05029016587563,1.42932549531257,1.06609146969669,0.869045781349315,0.988661566131711,0.942211671822764,0.782824980929746,0.936229998985262,1.1768618317954,1.17600861407678,1.22431995035257,1.20412691216144,0.859514197785074,0.996630355691605,1.03510126030871,0.970512852696925,0.905404634918131,0.868885089380005,0.926957915975158,0.990948029943677,1.08068827934285,0.888494958014959,1.03520729116345,1.03704658764439,0.921427243662675,0.879698592242418,0.909438035860013,0.352141527231529,0.107280493142083,0.194486155798553,0.522892147629837,0.115884918874714,0.0669059407741182,0.41782306926383
"42",1.12837171970102,0.73213023387479,1.29222624141696,1.28509003997835,0.791593758793561,0.75793077284467,1.25238981174364,0.613752407330724,0.987213629986339,1.30245546421744,1.0017779229627,0.528752045233492,0.96664360704722,0.9636061400933,0.968895201170491,1.11603436055167,0.664611268376763,0.894280641582345,0.992091620946047,0.813448782926813,0.835220567403789,1.03885251308951,1.05120637748328,0.664167282993339,0.929521242584732,0.989748126430453,0.853130991575705,0.9603122250826,1.0962204303793,0.768506854016912,1.02897288968228,0.866523983285466,0.362735119014308,0.887507025196029,0.89331523368548,0.508905618320417,0.347725769614492,0.0186844107203718,0.272360896660986,0.0399086276803853
"43",0.54609217229957,1.09123997281444,0.756496805969043,0.943944079750553,0.861604477792991,0.667420717896769,1.28125811186504,1.20518239699761,0.429717482670492,0.741297837839804,0.919482547043762,1.08826440451884,1.41649202979494,0.82157004231389,0.960166122837521,0.937903811065211,0.736853421541816,0.19470094257514,1.01025040880281,0.942904509921398,0.975984666609318,1.15850472754447,1.00218309273684,1.05361861615345,0.774312932251593,0.98473046073104,0.968879360513701,0.846885089091909,0.862793442838544,0.888237716924326,0.614998006068997,0.877992525631253,0.644020012279357,0.726738512011861,0.392063643383525,0.246989801356163,0.367477911111,0,0,0.0176176315683947
"44",0.505495969889407,1.27185870154769,1.14699189095759,1.11601421778335,1.32249484956748,0.526321291102842,1.07383129619496,1.15072019568032,0.660283804340333,0.964924244855847,0.944453506422866,1.0466362000626,1.17272363867528,0.767642555108642,1.28411600070171,1.09993216659113,0.918728237519128,1.19838545755418,0.872992898422221,0.920155029817091,0.928122853568552,0.783750282444937,0.854931635751591,1.05141464947633,0.832527675407705,0.967078627408888,1.06507203732167,0.826272530141333,0.754383508662678,0.821439235394725,0.850700811253603,0.990812821536171,0.588146415352991,0.482539513689338,0.386999821791723,0.163075868210022,0,0.226421199870488,0,0.0227200484496351
"45",0.835505218062797,1.08718137392149,1.15088573511709,1.33279340003061,0.971850484704729,1.23188165586206,1.08790459792484,1.74411891405378,1.03790823629409,0.907992892209379,1.00230702068242,0.724971372068338,1.31201078364145,1.19466779898627,0.36271942596848,0.421126786132387,0.825449914978398,0.769883167941562,1.10796857173443,0.934929419769922,0.888969610096926,0.901075909666219,1.0823554426107,0.860229754249832,1.20840121726287,1.00404692955668,0.75220569725493,0.666733959055444,0.999358850928512,0.943460173417067,0.987551314575,0.912520717915333,0.916845326940565,0.790696270109017,0.8991214135704,0,0.257601087398152,0.0738985926631308,0.140657117872594,0
"46",1.0298672919185,1.45330181156554,1.05491565325134,1.44727145367347,1.03961190285916,1.07435415188545,1.30931651978397,0.790714423757805,2.10153646429258,0.891480595717171,1.09175731530984,0.851933568635349,0.508000273177571,0.908145396816753,0.300972240137996,0.684944319769193,1.35911549183307,1.13413440753058,0.824855041619224,1.04087642078288,0.882963933091652,1.04852789835707,0.883255718598435,0.975395643931538,0.817989366314314,0.996150223489484,1.02469886103927,0.856020228991973,0.939530431098565,0.921461462255122,0.768751224779516,0.808886397254332,0.15914773863029,0.699604880794218,0.365364433081725,0.0279847661147057,0.364980950491273,0.286775525910065,0.0523705264514483,0.0211997171272906
"47",0.964297972214376,0.851703850263938,0.859709129164672,1.02165747307085,1.14768724955552,0.626029045974877,1.25921981554503,0.799392014240862,0.840694381896763,1.48127223049987,1.12725587789924,0.830762124256229,1.75734772510152,0.820157764347982,1.05500064011353,1.1169811779636,1.40005454539881,0.928151177506716,1.23823780411955,0.902969247375882,0.957371984714086,0.905091625261401,1.13456121698178,0.941165128289136,0.909994500235214,0.966429180452758,0.892776553148005,0.851748163253845,0.805420840741125,1.03066440508002,1.00409639799644,0.879324640686975,0.661456598264102,0.739719167795026,0.209706314736422,0.632617150344619,0,0,0.00805267159496535,0
"48",0.689684443970247,1.09653456193086,0.760560977662419,0.832794430376988,0.561267008568921,1.11044284528019,1.07213137222848,1.64109894634281,1.49114111739474,1.03245496038811,1.097743211503,1.18091621526527,0.696805732086516,1.2608525993527,0.724279027734272,0.463394180631791,1.01138278523045,1.18836944239146,0.842869624518335,0.877488241249069,0.967138290335606,0.860715943202911,0.928679879814105,0.824765524969027,1.04238143434263,0.935127339601817,0.836822781005839,0.788789259512257,1.0163528018782,0.871476768750117,0.833753138742273,0.930584365794174,0.419324531682083,0.792691082741708,0.333242761843379,0.286265992362248,0.00086580731106059,0,0.227073284694257,0.123480110406474
"49",0.726364245833152,1.2860610672449,0.732315689331894,1.20948623791519,0.897296647362814,0.798996047911885,1.08613126761629,0.717148375695117,1.24485889530659,0.764457052967967,0.967499451329494,0.915877193513537,1.48515300805548,1.08854524730695,1.09416331227866,1.31636755771274,0.699598359969536,0.60123668129908,0.730451210397357,0.884989708201077,1.002047394386,1.16168890905163,0.967019930312753,0.890547075595969,0.744337729664596,0.943151869440828,1.20465981092001,0.848582449745749,1.07371783729019,0.865986174448054,0.92825749253236,0.889280558577187,0.47542249982324,0.911400559065432,0.411107577259768,0.424120226205362,0.128679615678387,0,0.145966897624057,0
"50",1.24748610684288,1.01035349089656,0.971429658708557,1.00398998701693,1.29467005685419,0.653532079497976,1.01615374004497,0.894421292475371,0.703280768147985,0.727484630710035,1.0582756847878,1.30535696259294,0.852759896587447,1.0543154253307,1.01680753173928,1.22960973543911,1.37517031330688,1.1246624452679,0.992316382108263,0.960353508943486,1.12964904356823,0.957875818762649,0.912723315465615,1.16874834111625,0.971540265526054,1.00921607657798,0.727464520352498,0.843993916711947,1.17174413281704,0.814645199358303,0.405578577805801,0.876200830013226,0.547238827249182,0.864036245289119,0.305251486625759,0.0161982909462386,0,0.340584967132736,0,0
"51",1.31961686230734,1.24027228055473,0.866107147529391,0.951936308490792,0.983456426471103,1.03390594563836,1.0357058879888,0.652775180545897,0.727212436560824,1.23265304040326,0.890877935578673,0.592635294697524,0.559285983910646,1.09329824834067,0.943502924090373,0.8431409561365,0.565369427023578,0.386523853390507,1.09987375681729,0.987462421786279,1.03274098629086,0.722910067462476,0.995254010887772,0.759504029497691,0.885653844259095,0.946587706367574,1.14212243352815,0.808305851383906,0.79511811869539,0.876260608350188,0.510246644301214,0.886360797188833,1.19657423902468,0.748530784875974,0.63882250829332,0.708478874096103,0.336530647738401,0.228428975196274,0.362268296154412,0.0577346349119782
"52",0.780998994778765,1.04389365168747,1.58618590869059,0.764720512470218,0.821128379673014,1.14537226829487,0.844372439679654,1.17813978474506,0.98935069904618,1.03607883752998,0.88502366097415,1.13568152889793,0.658370411470439,1.13656676948117,1.04858409505103,0.584925667342338,0.807432822547086,0.948718672648822,0.746140405110173,1.05379612337733,0.88393579059915,0.993731573623932,0.856831076534182,1.12981447368389,0.784889955981261,0.943110740465548,1.05412258424318,0.895292099682848,0.979855402298787,0.697844729741863,0.727874890360021,0.941198195033208,0.854101517159218,1.16106548903059,0.394097877280185,0.374551160874627,0.314054605416867,0,0.227192614786154,0
"53",1.1277895223176,1.02369287748006,0.813037175951333,1.30008308037756,1.15795141320391,1.00801908721054,0.961952527924252,0.78933135013115,1.27663684640399,1.07740371755843,0.911238696075338,1.15980676057295,0.845937503913892,0.791747971051253,0.74827398071612,0.523711929318398,1.34595539687999,0.482852047676266,0.982219164483002,1.07928731322711,1.05602647107511,0.815295586228945,1.01151327139291,0.756702523959032,1.2377941527215,1.01096242243756,0.945430222896135,0.998701015223432,0.773474899026201,0.742034457140056,0.608385441133502,0.895125350146315,0.720462304958201,0.267962436506153,0.100782161685734,0.496509294579462,0.423691149933105,0.180995175749196,0,0.083625529985035
"54",0.700312744406662,1.02698758602604,1.43876516440719,1.2270659744466,0.734709180519897,0.953206232702783,1.48109921714667,1.22377637947002,0.871741086252556,1.12117227924822,0.939808247327624,1.41955688269671,0.944778680256036,1.30919422734224,1.28481140974838,0.71683666522398,1.16835148627645,0.209253855839174,1.11840472817657,1.02638539523146,0.975085680942492,1.14010428234483,0.891661642728962,1.11141421411861,0.937879885581119,1.01428731084186,0.742606357242697,0.733354195468038,1.06565555339639,1.10012493513238,0.689702775206678,0.823796469221533,1.09567813654085,0.870447163480368,0.309966330672811,0.209930720323695,0.130475809956213,0.403772300463387,0.0526063287739336,0
"55",1.28368052713508,1.2065231479792,0.658532350571637,0.796797330717782,0.754139996682872,0.8806465447489,1.16013167700188,1.24613388291579,0.805177545200239,0.561790957086348,0.983548156219352,1.06649170839483,1.15383791665007,1.32182647708799,1.09740740640423,0.695940703512121,1.47422644588121,1.12457697959822,1.02386049162178,0.908330393674371,0.95800263229838,0.881365942167521,1.01732916855137,0.920007534954337,1.12988044404228,0.980639207333964,1.04345283577253,0.897703609891934,0.929776719443961,1.062988445916,1.04921386156902,0.960378233824771,1.40963623814874,0.225597235904358,0.019763396716291,0.658810773192954,0.375922744777591,0.284102475936223,0.0934024081331721,0.347958901879633
"56",0.537355201625202,1.00116479895228,1.12762077063845,1.11647616537293,1.1982438105415,0.804508677025984,1.13725793860234,0.750525949028721,0.894774855240579,0.959334314939219,1.05685527831693,1.02291374195106,0.670786546222643,0.933386781924419,1.3936783972951,1.15418324778671,0.996010496396448,1.17656287392232,0.975768804054065,0.965113024039444,0.927868761496974,0.956692471722888,0.997551336178702,0.669499996784573,0.799925793978647,0.998799387040825,0.812245995197738,0.843530090251199,0.727475082860144,0.968914885644704,0.653396950207708,0.870611963892658,0.514055764222546,0.51087397822466,0.785275985650365,0.430645020560043,0.0926932544302277,0.21460540101585,0.0335794385799966,0.222660685292554
"57",1.56867232589191,1.372594876677,0.982738712692461,0.87004660545308,1.19791936536154,1.68962238216479,0.748535715849606,1.10135348556643,0.972829198627733,1.08005420731328,0.965592874132528,1.11132569465392,0.844501229891612,1.25573540373553,1.17538359628136,0.176390982079251,0.289133267576912,1.46445941034857,0.857400731500287,1.02993025234008,0.946495980420079,1.02678242306386,1.01589259336579,0.797819154288308,0.716224775309927,1.00017861539331,1.10867737034156,0.966527670595327,0.938487679253926,0.678348271172644,0.760049357061065,0.809141426283,0.43173438050242,0.813664759377177,0.381145662926466,0.12194080876373,0.180504664269776,0,0.0130447036718712,0
"58",0.992371211948196,0.873117523477538,0.683554779793983,1.52273702994698,1.20729507595056,0.807011380086433,1.17519023776104,1.01648746261682,0.935205284466419,1.1994670921982,0.953917904626938,1.12932262740414,1.14677414477607,1.01514401319425,1.16484436972982,1.09487349400187,0.880078226962382,0.722204541987552,0.986791215815773,0.965931927168028,0.95652900785143,1.0376257286357,0.969704148125674,0.718459396173297,1.00682406646906,0.94672154354717,1.06013340661113,0.835443713007481,1.07984384699908,0.87913594317023,0.858517249664153,0.85735389770573,0.683415004532409,1.02086920639757,0.34885455908075,0,0.0953625490490713,0.331032732955102,0.0541616299811341,0
"59",0.580161531443258,0.578389478646983,1.14041194412449,1.17665937388192,1.08593660984241,1.37702888310089,1.08383000513354,0.660782052671277,1.03235273392701,0.981941380857423,1.00826234218269,1.57122215950042,1.12871765769749,1.13759964937388,0.415196055188575,0.946595215127419,0.899540028939884,0.983778640028493,0.975022604466026,1.06493051137379,0.985218315377319,0.99976142671295,0.863135350999332,1.09728603578464,0.989876817406738,1.00124117221178,1.34435920487042,1.12064501612469,1.07811272532565,0.882379724836437,0.844796443928525,0.793479717549123,0.956087986996205,0.435927548208883,0,0.275757084603984,0.35899291725769,0.430123796221474,0.00272951724851416,0
"60",0.843607706161803,1.0269093134499,1.17960069219197,0.076953522036151,1.00404163024206,0.808279139827345,0.974535789790301,1.05857883018747,1.23731006131579,0.849310686574061,0.967405612324215,0.85823225607465,0.82000962788205,1.25177875916158,1.12882884052002,0.748627640735396,0.506488564279394,0.902348268689556,1.13322734989235,0.996036154784875,0.978488354627837,0.791502611387601,1.04178500828317,1.45395552959282,0.935043005399681,0.980927325451599,0.599867567899938,0.805748894311139,0.68757136098798,0.968345206286051,0.920817239122042,0.729027523919338,0.668563448342829,0.95791853851326,0.201584859885234,0.159796043696637,0.345271813816524,0.0262942967921687,0,0
"61",0.872056252190857,0.734096616015175,0.912852423950883,0.905725254077286,1.45502221889741,0.94784390947265,0.848493628922522,0.869114349308783,1.02474526604097,0.584285054694004,1.03512020939673,0.680183307837279,0.993246712830138,0.853971674126359,1.10627497801988,1.22194001351099,0.875526256355029,0.90950233802282,0.944233437656642,0.975588287741943,0.960196623292391,0.947795564918209,0.966809714820522,0.64919254996659,1.10363249906852,1.02575735673721,1.09459737654924,0.911039870765858,1.19058040241009,1.0302161066113,1.18990666237617,0.811474758055646,1.15157650025827,0.812392391484573,0.296882939810202,0.323265116214672,0.341143794746355,0.104701600585608,0,0.0935751339363299
"62",1.50444213442929,0.715935456813575,1.11211603498191,1.14736550925763,1.11356798695066,1.42180498088657,1.22329583062352,1.26673785723365,0.748233510025384,1.02400516161627,0.951509226531299,1.36300227524476,0.760717793625036,1.24416595747592,1.11039416758137,1.0758349001958,1.25260038335682,0.969421127878179,0.736580834314007,1.02129510325511,0.98710730817867,1.02958911900244,1.01946195750333,0.859064104087999,0.989180770777415,1.04384497522559,1.19908396186082,0.728667599006075,0.986153843739118,0.735812710587816,0.83217956789568,0.932196360209944,0.601808054166939,1.26786635608087,0.563080900818214,0.390819158589423,0.173126828606737,0.0959730012561394,0.217956007953462,0
"63",1.07185903617605,0.712345309210805,1.1226124527579,1.02180431923785,0.53315134444459,0.656380828664686,1.36399249866809,1.2498173580658,1.04753568769891,0.845947849675986,1.06600376732353,0.713638414357431,0.617891664565902,1.00950817500293,1.64676562959667,1.05389327337042,0.752648638688152,0.554743589060507,0.805329188722285,0.938419208341982,0.961551899324671,0.927601921846805,0.805412757259831,1.0031588039342,1.09709832581282,0.98856412340184,0.910383568860542,0.842472423366792,0.827813325860701,1.03093310304361,1.11732781302446,0.818243908926799,0.373226396714839,1.0448425669232,0.404421606455122,0,0.0735945909769032,0.313077253964152,0.42835858209278,0.0102758131557263
"64",1.0168976260317,1.04319189247658,1.53100121107927,1.19984899826707,0.934307167700423,1.05874780687339,1.82905887280484,1.26955675005187,0.601450560574847,1.03758991985468,1.03057020692029,1.03572349946618,0.768631947559912,1.02395127468173,1.38236081891418,0.966284366780034,1.02285338649265,1.29274597631251,0.874724972650821,0.919604820962562,0.991862985658279,0.948117529957107,0.966389672716853,1.2396199334403,0.679160502603719,1.04212424139349,1.21820861793217,0.791602964571193,1.02648531095604,1.00220170183276,1.00767884074616,0.905801467183017,0.621327537219274,0.758864215508392,0.568746827639008,0.565731370510987,0.181006125342979,0,0.299222456751548,0
"65",1.14277482911263,0.71236652888282,0.812255210640232,0.860032924357723,0.833659266163259,0.997914358226586,1.18738808199894,1.15507911427951,0.461531368852066,1.20273903207306,1.12824735503796,0.769745021732107,0.946643127739049,0.868977643997519,0.8207850085645,1.19495295240229,1.03197557841236,1.36187421801062,1.05850361645407,0.945880244399905,0.89681102121821,1.05269885454168,0.970195421352435,0.973038113736888,0.885535190406227,0.946282484419942,0.808010053541127,0.892102179652115,1.05982067291728,1.05157158064924,1.35205893393335,0.905479522434318,0.366935031301154,0.869852462181021,0.458545400832652,0,0.488917367457126,0.19060352216594,0.130083438053685,0
"66",1.35556579248557,1.34984367626704,0.974285378044963,1.14547269735884,1.00320822812669,0.863519582207872,1.38857515944018,1.08351894535232,1.20961314974145,0.6661785791474,1.03566817658614,0.709564296997192,1.33124851829618,0.973117334606443,1.4579735728823,0.741919223549309,1.21272665688575,0.731324254633728,1.08006250156012,0.949439170217165,0.913610571290537,0.998831963433731,1.08364965865315,0.918057189902258,0.984491937119893,0.981726314307851,1.1857091639127,0.834708156464548,0.956904681534609,1.03099532901121,0.561222505270739,0.953202735207766,0.661578712399236,0.493998739904597,0.474108321365668,0.59504565748939,0.490397438121547,0.20511386343334,0.100798768486673,0.169441731180415
"67",1.08357627696381,1.26304087774972,0.87733373010318,1.20600845568086,1.10368667264595,0.852179738126365,0.725199374750706,0.947553427725245,0.96212296302328,1.23338813027202,1.09973972901886,1.09357598210889,1.04149659885059,0.968387254339778,0.87891192676335,0.643727191124445,0.951245643105724,1.01454103607483,1.21155016684519,1.00511367993688,1.06995153900218,1.03798334588643,1.0208778761494,1.12190746632306,0.769100863233605,0.975937214729703,0.864457147903861,0.869770532903137,0.714187426286881,0.995690635425929,1.09564603968279,0.935060113599402,0.886853826797373,0.591825962828491,0.275173962609097,0.404318433201049,0.102766047176454,0.210645696399724,0.0261616446484584,0
"68",0.789462729707791,1.08812599235482,0.876666521068198,0.689482994389451,0.922230980221051,1.14622953831794,0.798843342590311,1.04657978223841,0.894169458372677,1.30458433478829,0.985960190363936,1.20513673675703,1.26624339754651,1.3935912163061,1.12448411857078,1.62883829266409,0.522239422807658,0.900870291362132,0.959184507776083,0.957806330977116,0.900635960210475,0.80855644948314,0.974511291684975,0.904368701349611,0.88002526627505,0.996908540195038,1.13051619496905,0.838549446455261,0.906620796439783,1.00405109019936,0.888237650464868,0.938140066996903,0.241506446389702,0.786584988865761,0.637470230854415,0.828149501950862,0.307257418777001,0.366076503369828,0,0
"69",1.21880298282994,1.03013104681284,1.06795772355199,0.709711148025574,1.38044457534289,0.989030345058302,0.372596754554114,0.605524534917926,1.06843415395768,0.872658058994792,0.970595349034262,1.11397105618656,1.42124223621179,0.944799867684409,1.14886802004572,1.15250063831255,0.570471544755837,0.748658940262187,1.3092542811338,0.922392800664832,0.951366857523681,0.901178961655169,0.974140526087274,0.923540379189127,0.94879072680802,0.978383988532497,1.09139778332375,0.733710389704749,1.36561601142002,0.819273931505944,0.842178806339536,1.06691205532032,0.683435175385196,0.745846054322039,0.298423762868924,0.225037810134627,0.0585171682460402,0.121324412610206,0.249347163989182,0.181636447290276
"70",1.05473417167828,0.386747165352069,0.759131038817699,1.06392076880872,1.04094363966565,1.01074460050185,0.997229449187851,0.889425020763902,0.882647701748068,0.976257006553067,1.08821236017302,0.927364119946252,1.14612381970755,0.952902208726546,0.965502587504869,0.660275477529429,0.876086796901287,1.50176526043237,0.947228620006716,0.979224427517125,1.04845217863907,0.877174140226271,1.04313282590778,0.938005761827498,1.11185427805731,0.971559924085886,1.13996857764055,0.817524861562282,0.84443202468059,0.863564241908901,0.768147223978106,0.884796177106562,0.341316461868387,1.19561461708377,0.221294277618748,0.563050188600605,0.00204940133925718,0,0.193380043950718,0
"71",0.7445518606759,1.95359986311345,0.731734914908423,0.965654081520919,0.813118920283924,0.778500712074991,1.02455507365822,1.16517899465781,0.837133797362731,0.967367508509599,1.11170133011014,1.14475555357195,0.856722756972648,0.749032817145027,0.480733266472432,1.12193125367923,1.27068996870894,0.978856681577593,0.865331540106968,0.973576618938423,0.954491641610247,0.772674548116265,0.951834668726874,0.74586963773203,1.12744435109743,0.935387823160884,1.0807379977032,0.842236076818901,1.18890400623201,0.854660312144734,0.586676308757571,0.789352161116712,0.774155265979255,0.939896574993473,0.472884254794438,0.442410537907914,0.197724375209689,0.431484208419692,0.0386731559361705,0.362575229294867
"72",0.835803734436296,1.30636262728655,0.583339304362056,1.10025647368628,1.00688565067007,0.848939793452313,0.980262954398111,0.583684626950133,1.21698990061471,1.14049072158023,1.03628203238099,0.876921985411148,0.989124315335881,0.941467051665499,0.958332614596345,0.893634778443582,0.869348182187841,1.0817836468843,1.01487584283075,0.880912882555795,0.988920280836611,0.899097348975429,0.934831970435777,0.710246523034588,0.973683992507958,0.93875458751324,1.36287681880007,0.853808058610701,0.838112807464158,0.749734943335125,0.911397096589824,0.910037925033391,0.715710821164162,0.991416956480138,0.345795254314466,0.517704282824175,0.276759624906138,0.082971521407194,0.0060327816235538,0
"73",0.794166939226726,1.24993756420463,1.18029036814072,0.935369001708078,0.985192330129959,1.14103412987099,0.918424689485294,1.25002921833862,0.525734284012904,1.09602144384604,1.08025386851765,0.918545069039177,0.890936501220367,0.741825869549066,1.27630383445323,1.13476668447704,0.761242581305493,1.0565786095897,0.866956162057253,1.04943339589814,0.964203177747909,0.992693216263623,1.03407630773543,0.847629029755096,0.860650623698503,0.976837104485705,1.14654956567706,0.8747415809663,0.916285891304681,0.887272202675323,0.861267824924982,0.930550348367746,0.577142962197472,0.641731589518024,0.949349338140547,0.534251930355196,0.0612242856268917,0.320003176178835,0,0.077304762528401
"74",1.22431051481769,0.787316301526877,0.949541340194598,0.505179890348365,1.22158310134494,0.888616679382839,0.885598506248082,0.587807613729062,0.540630539705226,1.34429530628403,0.999350311545925,0.80907144408818,0.661668758167383,0.637039518573093,0.924796061453219,0.359089131747895,1.4025830195932,0.946820442789209,0.889083737070147,1.08899719819609,0.985371463750645,0.987475176111882,1.02088484222717,1.01459525673155,0.864853897837436,1.05111553008948,1.02187327188397,0.736094201998092,1.0786745303282,0.932210512439981,0.645112894051484,0.955682299973148,0.336799903095622,0.55939577579546,0.829010501628203,0.0712344738581826,0.493220283054313,0.0884967013242508,0,0.0629392578438834
"75",0.840622195298647,0.718430363013272,0.882380560473275,1.198574056104,0.84825643825008,0.888364262858298,0.901177180333437,0.874333603227176,0.60445194214758,1.21509536830598,1.04432655613695,1.10649104593909,1.24117523545153,1.31856948617444,1.11709642782733,0.988459735168176,0.86292096538133,1.0151301913595,1.00480896326904,1.04887105516281,0.898144523217654,1.07358211498486,0.955375844225552,0.691178375710529,1.06802184911806,1.01554964763276,0.694678557580525,0.822999213612943,1.14866602001419,0.67627365660718,0.710459785776231,0.864166005805165,0.448307196970913,0.939130217052795,0.383742389094445,0.518236062619921,0.549915898979449,0.137871081814515,0.125457246618996,0
"76",1.02430648766619,0.698431829305813,1.31220615208899,0.9890681254323,0.90193321671084,1.14691272585312,0.577790794710582,1.07600946477711,1.00229389035287,1.08684204125684,0.917987810945956,1.11207567351059,1.32778438903568,0.79615921110922,1.05368389045031,0.89634993310809,1.08270007281408,0.946081975148858,0.798311236417539,0.915658114706052,1.054910090625,1.074103653313,0.98153780879817,1.45238666301807,1.23690764136786,0.954201930708239,1.01659184994778,0.983704329389356,0.898026851579895,1.02027172042617,0.47008021906503,0.984240945523844,0.29787281309732,0.955486567838707,0.204083355989039,0.60412385241142,0.114982654654271,0.351434592588308,0.0619743250806457,0
"77",0.773393826586684,1.32544102062882,1.06047842476799,1.0978536924244,1.50533270820434,1.03152884540473,0.905336800052555,0.629805884726697,1.40137258687143,0.875472634116903,1.09884847317401,1.0039821638717,1.51347918304066,1.00556184584955,1.14997096045946,1.03081251417565,0.437988886342147,0.805432767410054,0.850039364075426,1.00165403121444,0.931253020568744,1.12373680358344,1.09493171678268,1.00316150950607,0.810205033308274,1.01335292783292,1.04226439810024,0.879218776393509,0.852255065413541,1.08238435495856,0.857912040799543,0.878359589250956,0.309089224645177,0.789043023716864,0.829271585350123,0.334014446888829,0.20548671238027,0.013999471228528,0.242960674244904,0
"78",1.00164221742614,1.28879528903098,1.09656971910942,0.95429273227037,0.969790356584313,1.24873547141221,1.39770958883229,1.32905676697976,1.0828515914737,0.880173289790345,1.05646817436707,1.0658228707798,1.17644901588501,0.725015708603922,1.32909926507664,1.05257076822345,0.657560277546083,0.923014652215961,1.2877499020987,1.01745217233287,0.893164026596718,0.886779289658502,0.989949181193395,1.08237686881194,0.665893353618093,0.976481937103338,1.01943153344839,0.782079095152068,0.945829390414478,0.8868792410129,0.933188246079768,0.92582479436888,0.408240095649299,0.490909828939587,0.397372329843698,0.840073912214645,0.622699996553151,0.235027094074106,0.235132455893012,0
"79",0.92287061172165,0.836287151275599,1.50674986768871,0.917625432737811,1.6989315141387,0.973785491707266,0.931978129930345,0.81099237884977,0.868232037525257,0.9453394615888,1.00504250436424,0.969852195435895,0.987701233768638,1.2093068332532,0.831318920436116,1.10786013303313,0.762385347134374,1.19426893645427,0.616476316278349,0.939177910815376,0.979052652932501,0.970350672963835,0.897593000639346,0.997756931502452,1.07666398082929,0.97733725390795,0.865902077967101,0.927352599712971,0.934659081369222,0.911221390031985,0.692391574130576,0.758813813743809,0.664974184305038,0.69529118021789,0.37118571954158,0.258296726820386,0.0115742547286627,0.299832076900691,0.180177526455742,0
"80",1.40605940852866,0.974065865374636,0.837358763445514,1.13327595319477,1.14116258748699,0.61691219874946,1.31741507476025,1.35547431486638,0.967879829480553,0.882161284663184,0.874620973703167,0.644608202450298,1.31294681112718,0.943704814249917,0.407131287150652,0.955719400275809,0.0696184612555963,1.45177793827838,0.547678007242408,0.992801537506294,0.94057386009106,1.00435061102344,0.891295765798969,0.778900223986712,0.739155229892111,0.928551689555623,1.3816662828575,0.813620032270262,0.966663915479169,0.86552737519356,0.857183799631463,0.942489717367422,0.527163252409234,0.598952830599653,0.580957059626306,0.608737322317035,0.338913327802849,0,0.0967344706266174,0.210193880026973
"81",0.778532323781192,0.732587272463347,1.31240007976338,1.17699732138388,1.34432873884995,1.12988829327326,0.820410426619254,1.48514724329329,1.21271015277667,1.10537309808932,0.783971824395371,1.14396866511296,0.530647700550108,1.14550855362211,0.860519963075413,1.69663202285267,0.61671879032777,0.709280951362372,1.20206437101001,1.06105935224858,0.952480523802486,0.917496814890884,1.01037014016828,1.00395306375811,0.818704803958373,0.967712307997611,1.05575930436361,0.833351493425125,0.800714137613081,1.00696414838468,0.986442255279745,0.937765154933227,0.792950269411313,0.530123675341127,0.254380966350444,0.232916119747593,0.384909404325456,0.393443848982695,0.100173802541193,0
"82",1.01385587384589,0.783012670863849,1.17341364548621,1.74725175279907,0.399632790257629,0.635755397847326,0.390255625636107,1.60141706735233,1.21894788175777,0.936957936962341,1.00293964573505,0.91371704910617,0.563494193614128,0.807131855833195,0.515496995556505,1.14403084593151,0.77281661167398,1.07723905624614,0.875130551538234,0.962390769511218,0.861671480516281,1.06509577707343,0.837049317391624,0.764471447587425,0.938077265086145,1.00693078477041,1.0949522251698,0.847095587471054,1.0998615760183,0.986332644310513,0.967481689057756,0.841849870655979,0.656804179531817,1.07678455757184,0.460896511876796,0.426802037941697,0.184611329723561,0.37843168752433,0.1973353867824,0
"83",0.911474626258698,1.21877358713945,0.971212106840827,0.721194577422043,0.761586032991676,0.973512435738482,0.870631835778675,1.35338326844715,1.09487201929268,1.07836338358228,0.82161675597916,1.32436165715551,1.28640826690151,0.723644522817663,1.05164107906762,1.32868238398062,0.884216256237121,0.713803168809489,1.28253616989109,0.978455989116268,0.99920132258017,0.978241529422502,0.968451146285616,1.16003668891492,0.837656096492473,0.978727700663256,0.743437531087383,0.881559547501985,0.853574248759862,0.820511516859343,0.432738894583436,0.763396385338457,0.180726424030812,0.722734040358404,0.718443191165894,0.307392958911438,0.419503581525534,0.327690284699285,0.177645603376728,0
"84",0.792749378617901,1.12984030967003,1.27482515351151,0.329669612654413,0.897263813043918,0.883425312902305,1.37242428886585,1.07365426358699,0.68731487370414,0.795770671162303,0.991897206196035,0.831214428450252,0.683273101573682,0.952060999617453,0.735537343837499,0.550204336677321,1.01663288529061,0.704526893513124,1.05733658368257,1.01432049763216,0.992547757614924,0.979022372061645,1.04657920751626,0.922044436514278,1.02968115819737,1.00144912833892,0.987012638855496,0.836046846806857,0.88759431510476,0.938413214470684,1.41364702435173,0.955780032574133,0.641758840808813,1.42948857918814,0.556459661814971,0.425927442274408,0.414259240263319,0.0438722238227405,0.252745988773363,0
"85",1.05698892405783,0.999253944814501,0.923595586026518,1.14401153543515,0.972514386979668,1.08151838710688,0.898733455498297,0.700989901665972,1.09640447591508,1.03753382098771,0.916614226483802,0.968527838699905,1.24469446064963,0.989043800029539,0.857738378412149,1.44843712885745,0.852004511994412,1.2404460127506,0.928114224952461,1.02858202037003,0.923865142422173,0.881624969932327,1.04889265074953,1.06320996288858,1.15307266896364,1.03597322031925,0.874226129504831,0.803119178711077,0.896208661227054,0.890304803307259,0.785780360890583,0.867114948371966,0.678074640963142,0.730187634667708,0.824121903601325,0.269931021529034,0.280133265214437,0.235811265138491,0,0.13707149198653
"86",0.657277403470267,0.69754803873255,1.09024498521584,1.74293981562191,0.657166298955952,1.0437121831802,0.884082938275313,1.06320664464087,1.33596911340508,1.07582442835619,1.05356087591752,0.952640757397038,1.05918109421182,0.829728129888422,1.33270287655955,1.07083224041241,0.964071288256647,1.30924129176116,0.69202039419371,0.978826871450311,1.03567178294186,0.740325135867119,0.922873487791199,1.06579425601313,0.977766767223029,1.00723603308377,0.989479482142647,0.867409663522209,0.941501371468892,0.808649499038043,1.11047836040326,0.785298733894887,0.503282705938615,0.944940897518756,0.537229629125777,0.330086813894308,0.220394043864714,0.0550037177224339,0.172734800857379,0
"87",1.11946303777996,1.21500606885792,0.705501256689011,0.816468759362498,0.928621371262126,0.304429944411891,0.556975306776022,1.27076433768055,1.47985092997008,1.22797138559592,1.00882015951851,0.870270166350577,1.43894280618932,0.994707453033755,0.574446430583982,1.37643245027003,1.3939333461077,1.0948390672877,1.14136042147931,0.933700323941833,1.06603373461163,0.937586362922422,0.912104920068478,1.05712939208699,1.08668297088802,0.968092626376035,0.876392875061383,0.795973905951486,1.04505645631141,0.768766027953705,0.721575290777745,0.855916283158091,0.557588877501216,0.758383779934268,0.598560857701355,0.409138462418081,0.517574811430383,0.23113934247919,0.174531426911646,0
"88",0.864540058509959,1.11986141009327,1.39202873785351,0.727244619492292,0.786349771601119,1.10951030042945,1.26519507848777,1.08421799706134,1.11009267054826,1.1003914697485,0.962849797437468,1.19589023505467,0.682893909789628,1.16226184854295,1.43503297948849,0.811465389451106,0.700610748505049,0.986462605608698,0.884227579326988,0.995719776191131,0.908961759498149,1.06729341508239,1.03123721551472,0.629712873644354,1.07809084778668,1.04475751388665,0.880302480183411,0.976433426290698,0.853405967940543,0.84901188702606,0.723612005929429,0.862001858050959,0.432065683286361,0.574497372469047,0.577633969094167,0,0.406103162431743,0,0.235149474745336,0
"89",0.537756409264117,1.09581929186337,0.997027547011406,0.375375838099753,0.814132225677917,1.17458880700407,1.14531303508911,0.869085521180386,1.44571726336512,0.473369144191193,0.94740240473521,1.24695695605577,1.13606834189667,1.08231282432474,0.859296244899334,1.31201114760797,0.0290087746917795,1.09192113030069,1.02317259583657,0.93681921817632,1.03545740002359,0.884036232722482,1.06461133443208,0.521849985854194,0.951703518042702,0.965253107736175,1.39092158921921,0.953680807490548,0.890259995469159,0.94960560884797,0.966251827793184,0.932392216415679,0.605444159425422,0.492501712640262,0.630010801566056,0.483093405985205,0.130900920717879,0.134327677465758,0.0434667412745513,0
"90",0.680695682323928,0.73200133631276,0.729226275029569,0.365114516520537,0.79953172975592,1.53787684789275,0.737364306540412,0.824931967664715,1.03349190476324,0.766022057006756,0.968917820918167,1.39053926177663,0.904993330556203,1.21475398961491,0.565757438294793,0.831607910451376,0.786491648890953,1.18699549117089,1.02303922641954,0.997795762377575,1.03050877200537,1.10606077530043,0.957818250515815,0.945792716394778,1.05221508108616,1.00143683609372,0.788149003033458,0.859273934391177,0.744549478245616,0.852750548973561,0.370990284242412,0.885325855380111,0.635173000797175,0.790410426308376,0.469531503094164,0.436771227086718,0.0790953074406245,0.343517131495749,0,0
"91",0.993881016416053,0.375820758217815,0.682337256827525,0.974197316048388,0.742652102496461,1.16489606071601,1.3184843696225,0.855427762533272,1.44503813649291,0.992346694467836,1.07705175891565,0.986160514757467,1.03790949054135,0.955854037317244,1.09688660346845,0.556758632031746,0.509095032731324,1.40472026974096,0.680517398746715,0.987930829525312,0.9574536862778,0.974737088251491,1.04064263265441,0.828816581756702,0.963111289073408,0.978251906769605,1.00866873101694,0.845879165514678,0.967497164758991,0.783869589176715,0.481918816434432,0.812725739365251,0.72692911054204,1.18516213571348,0.39754900403978,0.588163279277877,0.491288966798976,0.268785929096307,0.13959700550236,0.0659779079279843
"92",0.956287439936937,1.0228985073887,1.4142188266902,1.65764653532599,1.04769437998833,0.967021031158371,0.603787536921579,1.14411255416421,1.12705009184901,0.655738411668553,0.824979377820289,0.877389012898438,0.476849013656635,0.911246675748151,0.765920180287851,0.994162606115783,1.35204615751875,0.767930638218344,1.32759819392199,0.967541819731351,1.02210358183309,1.00360420616263,1.11649908725754,0.896765650935492,1.14058773103558,1.04440078346702,0.680416529001015,0.946168788072744,0.994230237115292,0.890025638594196,0.684435580678034,0.90986439848778,0.775883043549985,1.14546768664668,0.116614087920724,0.537149535392075,0.141371653624845,0.148313368180827,0.010337093793623,0
"93",0.58817641968479,1.05450038296019,1.22472640969465,0.863607982601597,0.944896137355026,0.59242041541758,0.907039651664075,0.451537265708724,1.09289556529951,0.75396752427157,1.0774972570182,1.27837133172724,0.742219792909513,0.863689983385631,1.54019769841616,0.507117204504242,0.336331940514019,1.24811716422381,0.982956065257001,0.902922868041623,0.990946695638412,1.12812682253692,0.939960591047565,0.835737615630747,0.936450679217847,0.967480887040191,0.594551484675454,0.796810122585281,1.02213796628597,0.973110133687749,0.84092251595254,0.806125657152252,0.631002279474412,0.935294710950496,0.664906351741787,0.262159245105053,0.221836622389925,0,0,0.125093269761064
"94",0.955625512513166,1.30463210915243,0.960786702176104,1.34779881499427,1.17213051975231,1.49614171003458,1.28310464615848,1.15062617258096,0.77381565617228,1.08329790855886,0.970286636129403,1.08923803276648,1.10025180516372,0.874017406162141,0.854188754744312,1.38994497106178,0.83375630223101,0.723808031798109,1.19637349949762,0.917571895795172,0.97185644397841,0.880648876963505,1.01159889028523,0.728476999328166,0.921830444872958,1.00675733539391,0.782737578212688,0.765936427425271,1.03253435548097,0.898554349254047,1.01703206312252,0.903183618152961,1.50010393037029,1.16426466753726,0.595550541022791,0.279125536905621,0.428542432080728,0,0,0
"95",1.00707365822983,0.793411444906587,1.42569298099766,1.13207395819264,1.69513256707309,1.26869879509097,0.38602066866163,0.821682946758925,0.790153191176153,0.940472989275657,1.05760008798252,0.975036730506612,0.61987975944678,1.08515555724887,1.07443737408299,0.895084498062224,1.11595390801893,1.12879678341607,1.08127613511847,0.94045041717316,0.835720479128473,1.14029551998516,0.839416370908762,0.720854033706575,0.980450171115479,1.02517392561289,1.11090942027023,0.874137448498501,0.97015350854121,0.86921923799816,0.963593419286822,0.909031361053287,0.422814318307817,0.369191762599424,0.431496298011503,0.521680809018827,0.136107936134245,0.0329465686022676,0,0
"96",1.10791582645122,0.826177572700571,1.33530202643271,0.857543606416912,1.29099482286646,1.10994726133412,0.732122378080726,0.828418377283354,1.24623927672995,0.911890930890794,0.979351994123671,1.17311262422276,0.857242510656571,1.03758168316887,0.932147008376026,1.03603924264204,0.985713955651925,0.868954317320958,0.864994052744168,0.956693773684961,1.01203177257694,1.13047376203282,1.18914225753147,0.926685072529002,1.06021251143349,0.982540125532693,0.802983109813739,0.753852696869476,0.88621063060328,1.04852712060347,0.91550369513699,0.971735371650386,0.58568598512379,0.761545958302198,0.337972375853318,0.314723843168409,0.303422366201475,0,0.239135132858517,0
"97",0.818708671098143,0.97892486878361,0.880446173876931,1.34198500789524,1.02174796539336,0.672304029984304,1.37831894624971,1.0802632618399,0.796871067477945,1.10343743267809,1.05627996192133,0.987762930912219,0.704257007249809,0.943037604620245,0.514179580546639,0.601834073281068,0.781857506169898,1.55028037321717,1.30306964590537,1.02638905076273,1.03746425915378,0.917479103320796,1.01254824823614,0.866186513880351,1.08172772275822,0.973322501309753,0.821731903559684,0.770068355289766,0.891176291299159,0.884708172972188,0.473770041597313,0.876353714938801,0.195143337900171,1.1182272404841,0.0793039248730794,0.148752534272558,0.540807523334251,0.511870514650858,0,0.195202868444292
"98",1.29185939797599,1.00990638775912,0.922980827682834,0.930281390835515,0.682919459124,1.28167284373127,1.30926005142113,1.24315069325297,0.979591358074276,0.80816709174923,1.02219034751097,1.18715654631513,1.11330132931967,0.850866063210091,0.791301616102271,1.19939631150799,1.15817497383815,0.866014189583549,1.24013032894613,0.980681152248249,0.981890980383891,0.754400110788591,1.05717783578849,0.962024992506254,0.852506126869212,0.964775765452645,0.754504211223913,0.814300132900778,0.920448957020329,0.957098477144316,0.594211778792359,0.946954660975257,0.711041836464598,1.03173746347134,0.259765748953731,0.724899614926117,0,0.0487148397800092,0,0.164442420557852
"99",0.764238474402261,0.692447961207901,1.11476041967446,1.06788729175381,1.51534173357009,0.859230895270785,0.828085859579361,0.549677709630295,1.15438274845635,1.01331500188784,1.08998390134753,1.04498821710589,0.342154041131572,0.821901469094672,0.814731083980121,1.3637702070575,1.3816973734671,1.61817948477306,0.904083879284835,1.05828058467722,0.995363445863071,0.981850746006429,0.938846605013887,0.832186264014439,1.20944732539087,0.992254488127888,1.44109261798641,0.916625193460199,0.894075744444996,0.865851582613424,1.2999710668875,0.951683119021084,0.426337444136208,0.862617057281701,0.243089231204578,0.229597478227545,0.231946595971121,0.141842224557112,0.0205059633492585,0
"100",1.34912200644062,1.24774570823531,0.95254173252913,0.71047873500137,1.51974944395648,1.07801757205831,0.658855090244679,0.753901145182997,1.05452572952175,1.01577757646583,0.9883872572879,0.960760076463233,1.40916479369616,1.15192908194496,0.510120962731023,0.696367923478147,0.843924481428251,0.845673684684169,1.02248985081533,0.947411233859407,0.980369154498955,0.945524270712628,0.885834373262095,0.862126525383196,0.927991886002686,0.981089217197277,0.761865907130283,0.808598379296667,0.926609244066314,0.900440352635675,0.600795741820581,0.939496583238377,0.55898055932827,0.921917359317392,0.102647811264946,0.12206190495139,0.411029306005394,0,0.279913912260926,0
