lake.ID,lake.name,region,temperature,fish_PA,stocking,elevation,max_depth,area,richness,fish_PA_bin
53,Morice,BC WEST,5,Present,No Record,763,236.2,9753.74,7.666666667,1
56,Wheeler,BC NORTH,17.4,Present,No Record,691,31,253.14,5,1
58,Smart,BC NORTH,16.1,Present,No Record,801,6,140,4,1
59,Morley,BC NORTH,15.7,Present,No Record,760,34,1320,6,1
61,Palmer,BC NORTH,16.5,Present,No Record,696,13.7,85.1,3,1
62,Atlin,BC NORTH,9.9,Present,No Record,668,283.5,156784,4,1
63,Snafu,YUK SOUTH,14.2,Present,No Record,878,29,470,5,1
64,Little Atlin,YUK SOUTH,13.4,Present,No Record,686,14,3980,6,1
65,Lower Snafu,YUK SOUTH,12.725,Present,No Record,771,37,350,7.333333333,1
66,Tarfu,YUK SOUTH,15,Present,No Record,760,33,330,5,1
76,Morrison,BC NORTH,8.6,Present,No Record,730,,1380,2.6,1
86,Damdochax,BC NORTH,8.4,Present,No Record,580,,200,2,1
87,Fred Wright,BC NORTH,7,Present,No Record,575,41.148,397.11802,3.666666667,1
90,Christina,BC NORTH,10,Present,No Record,457,,240,4,1
91,Tahltan,BC NORTH,12.2,Present,No Record,825,,400,8,1
94,Kuthai,BC NORTH,13.8,Present,No Record,730,,240,2.5,1
101,R14 Pond,REVE,9,Present,Stocked,1966,9,2.7,1,1
102,R13 Pond,REVE,10.5,Present,Stocked,2036,12,3,2,1
107,Jade Lake (Lower),REVE,9.25,Present,Stocked,1762,23,4.8,3.333333333,1
108,Jade Lake (Upper),REVE,9,Present,Stocked,1814,14,8.7,2,1
111,Schuss Lake (AKA Fidelity),GLAC,8.5,Present,Stocked,1839,4,3.1,2.5,1
115,Millar Lake,REVE,10,Present,Stocked,1899,27,9.8,2,1
116,Eva Lake,REVE,11,Present,Stocked,1963,12,3.7,2.25,1
134,Kootenay Lake,BC EAST,17.375,Present,Stocked,532,155,41730.57,10,1
140,Daer Lake,KOOT,24.7,Present,Stocked,1187,1,9.4,10,1
141,K13 Pond,KOOT,17,Absent,Never,1295,6,2.5,4,0
142,K4 Pond,KOOT,22.75,Present,Stocked,1184,0.5,3.4,9,1
145,K20 Pond,KOOT,19,Absent,Never,1218,3.8,0.6,4.5,0
146,Cobb Lake,KOOT,17.5,Present,Stocked,1260,8,2.5,6.5,1
147,Kaufmann Lake,KOOT,8.75,Present,Stocked,2049,10,14.4,2,1
148,Larix Lake,MASS,13.1,Present,Stocked,2189,10,8,3.5,1
149,Olive Lake,KOOT,6.916666667,Present,Stocked,1631,3.5,2,3,1
150,Grizzly Lake,MASS,13.3,Present,Stocked,2170,3,3.6,3,1
152,Floe Lake,KOOT,9,Present,Stocked,2036,61,57.5,2.333333333,1
153,Dog Lake,KOOT,21.3,Present,Stocked,1184,4.7,15.1,8.75,1
154,Talc Lake,KOOT,4.5,Present,Stocked,2176,27,7.5,2,1
155,Rock Isle Lake,MASS,13.5,Present,Stocked,2251,12.5,4.9,3,1
156,Kootenay Pond,KOOT,19.2,Present,Stocked,1188,6,2.6,4.8,1
176,Nicola,BC INTERIOR,18.1,Present,Stocked,625,54.9,2490,6.5,1
190,Paul,BC INTERIOR,18.82,Present,Stocked,777,56,388,4.5,1
194,Pinantan,BC INTERIOR,18.65,Present,Stocked,863,18.9,65,6,1
206,Ottertail Lake,YOHO,21.5,Present,Stocked,1118,1.5,4,4,1
208,Schaffer Lake,YOHO,7.8,Present,Stocked,2170,2.5,0.4,2.6,1
209,Summit Lake,YOHO,9.95,Present,Stocked,1634,1.2,2,9,1
214,Morning Glory (upper),YOHO,5.7,Present,Stocked,2006,7,1.7,1.5,1
215,Morning Glory (middle),YOHO,7.2,Present,Stocked,1986,2.5,1.1,1,1
216,O'Hara Lake,YOHO,7.114285714,Present,Stocked,2014,38.1,34.4,2.3,1
218,Ross Lake,YOHO,7.4,Present,Stocked,1746,21.5,6,3,1
219,McArthur Lake,YOHO,5.9,Present,Stocked,2240,84.4,77,2.5,1
220,Sherbrooke Lake,YOHO,9.22,Present,Stocked,1803,12,35,3.5,1
222,Hamilton Lake,YOHO,10.4,Absent,No Record,2160,12.2,5,2.666666667,0
225,Amiskwi Lake,YOHO,11,Absent,No Record,2088,9.8,6.2,2.333333333,0
226,Emerald Lake,YOHO,12.1375,Present,Stocked,1310,28,116,3.25,1
231,Narao Lake (north),YOHO,6.3,Present,Stocked,1721,2,3,7.5,1
233,Linda Lake,YOHO,7.55,Present,Stocked,2080,12,4,2,1
234,Sink Lake,YOHO,10.34,Present,Stocked,1622,2,5,5.5,1
236,Opabin Lake (upper),YOHO,5.7875,Absent,No Record,2280,12.3,3.1,1.866666667,0
237,Oesa Lake,YOHO,6.4,Absent,Historically,2285,35.4,16.1,1.833333333,0
238,Duchesnay Lake,YOHO,17.9,Present,Stocked,1595,1,3.5,4.2,1
239,Wapta Lake,YOHO,7.133333333,Present,Stocked,1595,8.2,24.1,2.75,1
242,Narao Lake (south),YOHO,6.966666667,Present,Stocked,1718,6.3,0.7,7.5,1
246,Gillespie,YUK NORTH,7,Absent,No Record,1370,22.3,63,2,0
247,Margaret,YUK NORTH,15,Present,No Record,490,26,450,8,1
248,Pinguicula,YUK NORTH,11.1,Present,No Record,914,12.2,113,4,1
249,Bonnet Plume,YUK NORTH,10.5,Present,No Record,1067,,370,4,1
252,YUK19 (North Fork),YUK NORTH,13.95,Present,No Record,1128,3.8,20.4,3.5,1
254,YUK21 (Chapman),YUK NORTH,16,Present,No Record,1006,3.8,144,4.5,1
255,Elliot,YUK NORTH,12.7,Present,No Record,1011,22,113,2,1
256,Frances,YUK SOUTH,16.5,Present,No Record,774,18,10610,6,1
257,Finlayson,YUK SOUTH,14.3,Present,No Record,946,11.3,1990,5,1
258,Watson,YUK SOUTH,17.4,Present,No Record,680,19.8,1430,6,1
265,YUK13,YUK NORTH,20.8,Present,Stocked,701,10.1,10.1,3,1
266,McQuesten,YUK NORTH,15.8,Present,No Record,658.5,8,1300,5,1
267,Hanson N,YUK NORTH,19.2,Present,No Record,677,,100,4,1
268,Hanson S,YUK NORTH,16.45,Present,No Record,686,33,320,6,1
269,YUK16 (Barlow),YUK NORTH,19,Present,No Record,610,5,80.3,4.5,1
270,Reid,YUK NORTH,17,Present,No Record,530,15.5,1480,4,1
271,Janet,YUK NORTH,19,Present,No Record,572,103,1720,7,1
273,Minto,YUK NORTH,14.05,Present,No Record,683,33,430,4.5,1
275,Mayo,YUK NORTH,14.6,Present,No Record,671,,9490,4,1
277,Ethel,YUK NORTH,9.4,Present,No Record,764,45,4100,4,1
278,Ladue,YUK NORTH,18.5,Present,No Record,685,24,240,4,1
279,Kathleen Lakes (Main),YUK NORTH,19.8,Present,No Record,706,60,450,6,1
280,Clark,YUK NORTH,17.6,Present,No Record,656,23,300,8,1
281,Kluane,YUK SOUTH,11.55,Present,No Record,781,82,40950,1.666666667,1
282,Jackfish,YUK SOUTH,16,Present,No Record,801,17,170,7,1
285,Diamain,YUK NORTH,12.625,Absent,No Record,496,25,1880,4.5,0
287,Tatlmain,YUK NORTH,12.5,Present,No Record,558,40,3320,7,1
288,Dragon,YUK SOUTH,16,Present,No Record,851.9,10,730,5,1
289,Bruce,YUK SOUTH,16.4,Present,No Record,840.3,35,250,5,1
291,Little Salmon,YUK SOUTH,13.1,Present,No Record,608,96,5260,6,1
292,Moraine,YUK SOUTH,14,Present,No Record,910,32,420,4,1
293,Frenchman,YUK SOUTH,16,Present,No Record,560.4,39,1410,8,1
294,YUK6 (Little Fox),YUK SOUTH,20,Present,No Record,823,49,89,5,1
295,Von Wilczek,YUK NORTH,14.4,Present,No Record,561.8,3.7,570,3,1
297,YUK7 (Twin),YUK SOUTH,17.6,Present,Stocked,634,27,163,2,1
298,Tatchum,YUK SOUTH,14.5,Present,No Record,561.2,53,660,6,1
299,Braeburn,YUK SOUTH,15.3,Present,No Record,682,36.5,600,7,1
300,Quiet,YUK SOUTH,12.3,Present,No Record,758,100,5300,4,1
301,Squanga,YUK SOUTH,11.2,Present,No Record,790,40,1110,7,1
302,Summit,YUK SOUTH,14.1,Present,No Record,838,13,160,4,1
303,Dalayee,YUK SOUTH,11.2,Present,No Record,970,46,1110,3,1
305,Teenah,YUK SOUTH,12,Present,No Record,872.6,19.2,250,3.5,1
306,Little Teslin,YUK SOUTH,13.2,Present,No Record,790,20,320,7,1
307,Swan2,BC NORTH,11.43333333,Present,No Record,841,65,890,5.333333333,1
309,Wolf,YUK SOUTH,12.2,Present,No Record,991,66,7440,4,1
310,Jo-Jo,YUK SOUTH,10.6,Present,No Record,888,52,660,5,1
311,Taye,YUK SOUTH,17.7,Present,No Record,712.8,3,810,6,1
312,Kusawa,YUK SOUTH,15.6,Present,No Record,671,16.8,14270,5,1
313,YUK2 (Chadden),YUK SOUTH,19,Present,Stocked,671,10.5,56.9,4,1
314,YUK3,YUK SOUTH,20,Present,Stocked,625,17.5,21.2,5,1
316,YUK1 (Chadburn),YUK SOUTH,17.5,Present,No Record,671,32,181.2,5,1
317,Fox,YUK SOUTH,11.35,Present,No Record,762,75,1590,5.333333333,1
318,Marsh,YUK SOUTH,12,Present,No Record,656,53,9450,5,1
319,YUK5 (Louise),YUK SOUTH,17,Present,No Record,1021,12,52.5,5,1
320,McClintock,YUK SOUTH,13.5,Present,No Record,812.7,22,180,6,1
321,YUK4 (Fish_stn5),YUK SOUTH,13.55,Present,No Record,1113,7,1262.1,3.666666667,1
322,Nares,YUK SOUTH,11.4,Present,No Record,656,15,530,2,1
323,Neskataheen,YUK SOUTH,13.8,Present,No Record,745,,80,4,1
325,Klukshu,YUK SOUTH,10.4,Present,No Record,670,5.5,125,4.5,1
329,Kloo,YUK SOUTH,18.8,Present,No Record,860,12,1280,6,1
330,Marshall,YUK SOUTH,8,Absent,No Record,1430,2.1,44,1,0
331,Dezadeash,YUK SOUTH,11.5,Present,No Record,702,7.6,7720,6.5,1
333,Pine,YUK SOUTH,13.76666667,Present,No Record,660,27,430,8.666666667,1
338,Frederick,YUK SOUTH,13.3,Present,No Record,718,24.5,495,4,1
339,Indian Springs Lake (W46),WATE,15.3,Absent,No Record,1351,1.5,5.88,11.2,0
340,Buffalo Creek Pond,WATE,13.03333333,Present,Stocked,1323,2,0.96,8.9,1
342,Rowe Lake (middle),WATE,16.25,Absent,Historically,2162,12,2.21,6,0
343,Carthew Pond,WATE,14,Absent,No Record,2159,0.5,0.8,4,0
344,Waterton Lake (upper),WATE,9.416666667,Present,Stocked,1278,135.3,941,12,1
346,Lineham Lake (south),WATE,14.5,Present,Stocked,2165,17,5.78,2,1
347,Maskinonge Lake,WATE,20.7,Present,No Record,1276,2,65,17.4,1
348,Lineham Lake (north),WATE,14,Present,Stocked,2170,29,18.96,3,1
351,Twin Lake (upper),WATE,11.03333333,Present,Stocked,1963,13,6.44,3.6,1
353,Twin Lake (lower),WATE,10.83333333,Present,Stocked,1927,8,2.72,5.25,1
354,Beaver Pond D (W64),WATE,17.6,Present,Stocked,1312,1.5,0.36,10.5,1
355,Beaver Pond B (W31),WATE,10.5,Present,Stocked,1524,3,2,10,1
356,Carthew Lake (lower),WATE,12.5,Present,Stocked,2154,11,7.33,6.666666667,1
358,Allison Lake,WATE,14.74285714,Absent,No Record,1274,2.4,4.05,12.85714286,0
359,Lost Lake,WATE,13.9,Absent,Historically,1875,12,1.57,4.285714286,0
360,Carthew Lake (upper),WATE,12.375,Present,Stocked,2195,13,4.35,3,1
362,Beaver Pond A (W33),WATE,16.25,Present,Stocked,1524,1.5,5.5,4,1
364,Peck's Basin,WATE,7.7,Absent,No Record,1951,1.5,0.51,2,0
365,Indian Springs Pond (W48C),WATE,13,Absent,No Record,1350,1.5,0.16,11,0
366,Lineham Lake (main),WATE,14.5,Present,Stocked,2111,23,12.64,3,1
367,Indian Springs Pond (W48A),WATE,18.35,Absent,No Record,1351,2,3,9.75,0
368,Buffalo Lake,WATE,12.25,Present,Stocked,1329,3.6,10.5,7.666666667,1
370,Loon Lake,WATE,26,Absent,No Record,1326,1,0.56,5,0
371,Summit Lake,WATE,17.75,Absent,Historically,1931,2,2.03,2.666666667,0
372,Cameron Lake,WATE,11.28,Present,Stocked,1660,39,172.3,4.166666667,1
373,Lonesome Lake,WATE,15.5,Absent,Historically,1280,2.6,12.67,9.2,0
374,Bertha Lake,WATE,13.4,Present,Stocked,1774,18.1,30.2,4,1
375,Crypt Lake,WATE,9.8,Absent,Historically,1963,44,13.44,1.5,0
376,Lone Lake,WATE,18.3,Present,Stocked,2027,13,2.53,3,1
377,Alderson Lake,WATE,8.5,Present,Stocked,1811,60,10.19,4.333333333,1
378,Rowe Lake (lower),WATE,10.5,Absent,Historically,1957,8,1.97,4,0
379,Linnet Lake,WATE,19.4,Present,Stocked,1280,3.2,3.52,4.52,1
380,Rowe Lake (upper),WATE,10.15,Absent,Historically,2168,3,7.2,4.666666667,0
381,Indian Springs North Pond (W47),WATE,13.95,Absent,No Record,1348,4,3,9.25,0
382,Goat Lake,WATE,9.4,Present,Stocked,1982,3.4,2.35,1,1
383,Giant's Mirror,WATE,16.95,Present,Stocked,1384,5,0.43,11.5,1
384,Akamina Lake,WATE,7.8,Present,Stocked,1655,5,4.65,5.5,1
385,Crandell Lake,WATE,13.86666667,Present,Stocked,1524,15.5,4.53,3,1
386,Kesler Lake,WATE,15,Absent,Historically,1503,2,7.65,8,0
387,Ruby Lake,WATE,18.3,Absent,Historically,2064,4.2,2.35,4,0
388,Beaver Pond C (W63),WATE,15.5,Present,Stocked,1300,2,1,6.5,1
389,Beaver Pond E (W65),WATE,17.5,Absent,No Record,1322,1.2,0.16,10,0
390,Bellevue Terrace (north pond),WATE,16,Absent,No Record,1365,2.5,0.45,7,0
391,Bellevue Terrace (south pond),WATE,16,Absent,No Record,1365,2.5,1.17,9,0
392,Indian Springs Pond (W48B),WATE,19.75,Absent,No Record,1351,1,0.28,9.6,0
396,Temporary Pond (W60),WATE,16.125,Absent,No Record,1293,1.6,0.06,7.6,0
397,Waterton Lake (lower),WATE,8.85,Present,Stocked,1278,27.4,429,10,1
398,Twintree Lake,JASP,12.5,Present,Stocked,1558,51,320.1,3,1
400,Hidden Lake,JASP,21.4,Present,Stocked,1258,6,2.6,4,1
403,Honeymoon Lake (little),JASP,23,Absent,Historically,1310,4,1,4.4,0
409,Dolly Lake,JASP,14,Present,Stocked,1555,5.5,7.7,5,1
410,Kidney Lake,JASP,14.25,Present,No Record,1375,12,24.1,14.5,1
411,Caribou Lake (lower),JASP,11.15,Present,Stocked,1767,18,46.3,3,1
412,Sassenach Lake #2,JASP,14,Present,No Record,1851,16,8.1,4,1
413,Caribou Lake (upper),JASP,9.25,Present,Stocked,1788,29,43.2,4,1
414,Topaz Lake,JASP,13.375,Present,Stocked,1773,28,128.5,3.5,1
416,Celestine Lake,JASP,16,Present,Stocked,1260,14,39,8.5,1
418,High Lake One,JASP,20,Absent,Historically,1455,2.4,1,3,0
421,Geraldine Lake #2,JASP,9,Present,Stocked,1690,4,0.6,1,1
423,Twin Lake (south),JASP,16.3,Present,Stocked,1033,11.5,1,11,1
426,Moab Lake,JASP,15.25,Present,Stocked,1204,18,23.9,4.8125,1
428,Geraldine Lake (lower),JASP,11.55,Present,Stocked,1600,6,17.7,2,1
433,Mile 16 1/2 Lake,JASP,20,Present,Stocked,1174,6,9,10,1
436,High Lake Three,JASP,19,Absent,Historically,1479,1,1.7,6,0
437,High Lake Five,JASP,16.2,Absent,Historically,1570,2,1.2,4,0
439,High Lake Two,JASP,20,Absent,Historically,1459,1.5,1.5,12,0
442,Long Lake,JASP,16.75,Present,Stocked,1357,3,5.1,2,1
443,High Lake Six,JASP,17.7,Absent,Historically,1535,1.2,2,4,0
445,Lectern Lake,JASP,13.375,Present,Stocked,1515,14,1.9,4.2,1
447,Kerkeslin Lake,JASP,8,Present,No Record,1743,4.5,23.9,1,1
452,Chalet Pond,JASP,8.5,Present,Stocked,1976,0.9,1.5,4,1
458,Pocahontas Pond,JASP,14.25,Present,Stocked,1003,2,3,9.666666667,1
459,Geraldine Lake #4,JASP,10,Absent,No Record,1970,5.5,5.7,2,0
460,High Lake Four,JASP,16.8,Absent,Historically,1515,2,1.6,6,0
462,Maligne Lake,JASP,11.825,Present,Stocked,1675,96,2066,3.8,1
464,Hostel Pond (Mile 54),JASP,13,Present,Stocked,1560,4,4.9,3,1
466,Mitchell Lake,JASP,6.5,Absent,No Record,1783,14,29.9,4,0
470,High Lake Seven,JASP,18.5,Present,Stocked,1495,7.5,2.9,7,1
473,Unnamed Pond (along Athabasca),JASP,17.8,Absent,No Record,1097,3,0.3,4,0
474,Twin Lake (north),JASP,15.5,Absent,No Record,1033,1.5,1,13,0
475,Geraldine Lake #3,JASP,8.25,Present,Stocked,1885,31,50.7,2,1
476,Leach Lake,JASP,13.675,Present,Stocked,1237,11,13.1,8.222222222,1
480,Edwards Lake,JASP,11.25,Present,Stocked,1228,10,0.5,2,1
486,Dragon Lake,JASP,18.8,Present,Stocked,1341,12,15.6,3,1
488,Golden Lake,JASP,18,Present,Stocked,1485,10.3,13.4,3.833333333,1
489,Mina Lake,JASP,18.7,Present,Stocked,1214,13.2,8.3,7.666666667,1
491,Beauvert Lake,JASP,15,Present,Stocked,1030,25,32.3,4.272727273,1
492,Dorothy Lake,JASP,18,Present,Stocked,1336,14.6,25.1,9,1
495,Iris Lake,JASP,17.3,Present,Stocked,1302,13.2,5.1,10.33333333,1
496,Rathlin Lake,JASP,20.8,Absent,No Record,1298,4.3,2.2,4,0
512,Palisades Pond,JASP,16.5,Present,Stocked,1027,1,0.4,10.25,1
513,Cold Sulfur Pond (south),JASP,12.9,Absent,No Record,1006,1.5,0.4,5,0
520,Bench Lake,JASP,19.5,Absent,No Record,1355,5.8,1.81,5.5,0
521,Colfair Lake (upper),JASP,19.5,Present,Stocked,1561,7.5,2.9,3,1
523,Cold Sulfur Pond (north),JASP,13.05,Present,Stocked,1006,2.5,3.5,4,1
524,Colfair Lake (lower),JASP,19.5,Present,Stocked,1355,6,0.8,4,1
528,Miette Lake,JASP,11.25,Present,No Record,1864,6.5,7.2,5,1
531,Edna Lake,JASP,5.6,Present,Stocked,1000,2,25,10.66666667,1
533,Mildred Lake,JASP,16.5,Absent,No Record,1033,3.5,6,8.333333333,0
534,Annette Lake,JASP,19,Present,Stocked,1024,23,28.6,4.909090909,1
535,Virl Lake,JASP,18,Present,Stocked,1305,6,3.5,5,1
536,Patricia Lake,JASP,10,Present,Stocked,1180,42,69,6.916666667,1
538,Moat Lake,JASP,12.3,Present,Stocked,1945,10.5,35,4.666666667,1
540,Riley Lake,JASP,19.5,Present,Stocked,1175,10.5,4.6,9.5,1
541,Christine Lake,JASP,19.8,Present,Stocked,1338,8,7,7.333333333,1
542,Saturday Night Lake,JASP,18.3,Present,Stocked,1418,8.3,9.7,9,1
543,Pyramid Lake,JASP,10.6,Present,Stocked,1186,19,127.4,5.461538462,1
544,Osprey Lake,JASP,6.5,Present,Stocked,1387,7.5,3.4,3.333333333,1
546,Minnow Lake,JASP,18.5,Present,Stocked,1415,3.3,6.1,8,1
547,Cutt Lake,JASP,18.5,Present,Stocked,1455,7.5,15.5,4,1
549,Harvey Lake,JASP,10.25,Present,Stocked,1617,21,58,2,1
550,Horseshoe Lake,JASP,8.74,Present,Stocked,1230,23,13,5.083333333,1
551,Buck Lake,JASP,19.3,Present,Stocked,1405,6,34,8.666666667,1
554,Honeymoon Lake,JASP,16,Present,Stocked,1405,7,18.4,7.571428571,1
555,Mona Lake,JASP,17.25,Present,Stocked,1750,11.5,11.5,7,1
556,Beaver Lake,JASP,15,Present,Stocked,1498,2,31,5,1
557,Cabin Lake,JASP,17.3,Present,Stocked,1217,20.5,32.2,7,1
559,Edith Lake,JASP,7.5,Present,Stocked,1024,18,50,4.916666667,1
560,Amethyst Lake,JASP,11.16666667,Present,Stocked,1987,25,470,7.6,1
561,Hibernia Lake,JASP,19.5,Present,Stocked,1198,8.5,9.6,7,1
562,Caledonia Lake,JASP,19.6,Present,Stocked,1161,11,13,5,1
563,Marjorie Lake,JASP,19.5,Present,Stocked,1143,8,7.3,6.333333333,1
570,Medicine Lake,JASP,15.5,Present,Stocked,1442,17.5,516,5,1
572,Salt Like Pond (north),JASP,14.15,Absent,No Record,1000,2,0.01,5.666666667,0
573,Salt Like Pond (south),JASP,12.75,Present,No Record,1000,2,0.04,8,1
605,Bear Lake,FOOT,19,Present,Stocked,1800,4,2,6,1
664,Cuthead Lake,BANF,10.25,Present,Stocked,2210,4.3,3.47,4.5,1
665,Burstall Lake (Lower),KANA,10.9,Present,Stocked,1957,7.5,8,2.5,1
679,Waterfowl Lake (lower),BANF,13,Present,Stocked,1670,4.7,48,4,1
719,Snowflake Lake,BANF,9.825,Present,Stocked,2320,13,7.13,3.260869565,1
722,Pipit Lake,BANF,8.416666667,Present,Stocked,2217,20.6,10.6,2.153846154,1
723,Harrison Lake,BANF,9.0825,Present,No Record,2240,10.7,8.4,3.333333333,1
733,Minnewanka Lake,BANF,15.4,Present,Stocked,1480,105,1663,5.5,1
735,Two Jack Lake,BANF,19.1,Present,Stocked,1476,16,35,5.666666667,1
736,Johnson Lake,BANF,18,Present,Stocked,1402,3.5,12,6,1
737,Bighorn Lake,BANF,6.866666667,Present,Stocked,2347,9.2,2.15,2.428571429,1
754,Kingfisher Pond,BANF,15.1,Present,Stocked,1600,6.1,0.5,5.5,1
757,Herbert Lake (little),BANF,17.025,Present,Stocked,1570,8.2,0.6,9.2,1
758,Consolation Lake (upper),BANF,5.375,Present,Stocked,1951,16.2,10.7,2.666666667,1
759,Herbert Pond,BANF,17.45,Absent,No Record,1600,5,0.4,6,0
763,Sentinel Lake,BANF,8.9,Absent,No Record,2423,6.7,2.8,2.7,0
764,Consolation Lake (lower),BANF,6.6,Present,Stocked,1951,11.3,14.5,1.333333333,1
766,Brachiopod Lake,BANF,7.85,Absent,Historically,2271,3,2.1,3.5,0
767,Kingfisher Lake,BANF,17.45,Present,Stocked,1539,7.2,2,7.8,1
769,Rockbound Lake,BANF,12,Present,Stocked,2202,16,33,3,1
770,Ptarmigan Lake,BANF,10.2,Present,Stocked,2332,21.3,27.9,4,1
772,Copper Lake,BANF,19.8,Present,Stocked,1434,10.4,1.5,6.5,1
773,Louise Lake,BANF,11.7,Present,Stocked,1731,70.1,84.5,2.6,1
774,Lost Lake,BANF,14.96666667,Present,Stocked,1692,5.5,0.4,5,1
775,Bow Lake,BANF,12.25,Present,Stocked,1940,51,275,5.333333333,1
776,Taylor Lake,BANF,10.43333333,Present,Stocked,2057,43.9,27,1.666666667,1
777,Smith Lake,BANF,16.55,Present,Stocked,1560,9.7,3,7.5,1
778,O'Brien Lake,BANF,8.95,Present,Stocked,2118,20.7,4.6,1.333333333,1
779,McNair Pond,BANF,12.1,Present,Stocked,1539,3.5,1.7,5.5,1
780,Annette Lake,BANF,6,Absent,Historically,1966,11.7,5.3,1.8,0
782,Boom Lake,BANF,13.4,Present,Stocked,1893,13.2,99.6,4.6,1
783,Eiffel Lake,BANF,10.6,Absent,No Record,2281,10.6,13.5,2.363636364,0
784,Vista Lake,BANF,14.86666667,Present,Stocked,1567,6.5,6.6,4.5,1
785,Herbert Lake,BANF,16,Present,Stocked,1600,13.3,5.7,6.5,1
786,Agnes Lake,BANF,10.46666667,Present,Stocked,2118,20.5,6,2,1
787,Mud Lake,BANF,14.5,Present,Stocked,1600,7.2,7.3,7.666666667,1
788,Baker Lake (little),BANF,8.25,Present,Stocked,2240,5,2.9,4.25,1
790,Moraine Lake,BANF,7.833333333,Present,Stocked,1887,20.7,41.3,2.166666667,1
792,Tilted Lake,BANF,10.5,Present,Stocked,2210,12.2,3.6,6,1
793,Redoubt Lake,BANF,8.5,Present,Stocked,2393,11,19.1,2.75,1
794,Temple Lake,BANF,11.3,Present,Stocked,2179,14,3.1,3,1
795,Baker Lake,BANF,9.2,Present,Stocked,2207,11.6,36.4,5.666666667,1
796,Island Lake,BANF,15.91666667,Absent,No Record,1570,6.4,14.9,6,0
797,Hidden Lake,BANF,7.8,Present,Stocked,2271,32.3,13.3,2.333333333,1
807,Snowflake Pond,BANF,10,Absent,No Record,2280.1,0.5,0.1,4.714285714,0
858,MR6,NOCA,11.6,Absent,No Record,1693,2.1,0.6,3,0
859,MR12,NOCA,14.7,Present,Stocked,1981,4,0.6,2.5,1
860,MR14,NOCA,11.9,Present,Stocked,1717,10.4,6.3,2.25,1
861,MR13-1,NOCA,15,Absent,Historically,1800,2,0.3,2.6,0
862,MR4,NOCA,16.1,Present,Stocked,1679,4,3.6,5.5,1
865,MM11,NOCA,13.4,Present,Stocked,1974,7.6,1.4,1,1
868,GM2,NOCA,12.2,Absent,No Record,1664,47.3,16.1,1,0
869,MR3,NOCA,13.7,Absent,No Record,1873,2.5,0.2,3.8,0
870,MR15-2,NOCA,9,Present,Stocked,1909,3,0.3,1,1
873,MR2,NOCA,14.8,Absent,No Record,1873,1.5,0.3,4.285714286,0
875,MA3,NOCA,12.3,Absent,No Record,2044,6,1.3,2,0
878,MM7,NOCA,10.1,Absent,No Record,1642,1.9,0.8,2.5,0
879,SM2-2,NOCA,11.4,Present,Stocked,1988,4.3,1,2,1
882,MR5,NOCA,16.1,Present,No Record,1639,7,4,3.5,1
883,MR9,NOCA,11.9,Present,Stocked,1813,4.9,1.7,2.666666667,1
887,SM1,NOCA,16.1,Absent,No Record,2033,1.2,0.2,4,0
891,CP1,NOCA,12.2,Present,Stocked,1642,17.7,12,2.25,1
892,MLY2,NOCA,10.3,Present,Stocked,1629,4.3,2.5,2.666666667,1
893,MR15-1,NOCA,12.6,Present,Stocked,1922,27,4.8,1,1
894,MR16,NOCA,15.5,Present,Stocked,1900,2,0.6,1,1
897,GM1,NOCA,13.8,Present,Stocked,1270,49,59,2,1
899,MR10,NOCA,11.4,Present,Stocked,1679,6.1,5,3.428571429,1
903,SM2-1,NOCA,12.5,Present,Stocked,1931,2.1,1,3.5,1
904,MR8,NOCA,11,Absent,No Record,1970,3.5,0.3,1,0
906,MR13-2,NOCA,12.3,Present,Stocked,1789,5,1.2,1.5,1
908,MM10,NOCA,19.9,Present,Stocked,662,5.8,8.2,5,1
913,MR11,NOCA,14.5,Present,Stocked,1863,8.8,1.3,4,1
914,MM6,NOCA,10.7,Absent,No Record,1504,11.9,4.1,4.125,0
947,Bathtub Pond,LASSEN,10.67,Absent,Historically,1867,5.6,10.2,5,0
948,Indian Lake,LASSEN,10.25,Absent,Historically,2133,4.2,30.1,4,0
949,Cluster Lake 3,LASSEN,15.64,Absent,Historically,2004,4.5,69.5,5,0
951,Crystal Lake,LASSEN,13.94,Absent,Historically,2205,5.7,24.6,5,0
953,Indian Pond,LASSEN,12.07,Absent,Historically,2159,6.4,8.2,8,0
954,Little Bear Lake,LASSEN,16.62,Absent,Historically,2077,2.2,11.6,4,0
955,Helen,LASSEN,13.43,Absent,Historically,2506,32.5,104.8,3,0
956,Rainbow Lake,LASSEN,10.31,Absent,Historically,2022,8.8,94.4,4,0
957,Cluster Lake 4,LASSEN,17.95,Absent,Historically,2008,0.9,13,5,0
958,Jakey Pond #6,LASSEN,13.45,Absent,Historically,2155,2.7,6.8,6,0
959,Reflection Lake,LASSEN,15.84,Present,No Record,1796,4.5,31.6,6,1
960,Cluster Pond 4,LASSEN,15.94,Absent,Historically,2008,2.4,7.5,6,0
961,Summit Lake,LASSEN,16.23,Present,Stocked,2041,2.2,55.9,7,1
962,Hidden5,LASSEN,9.72,Absent,Historically,2056,3.2,30.7,4,0
965,Soap Lake,LASSEN,8.35,Absent,Historically,1928,0.9,18.2,4,0
967,Harriette,WIN NF,18.1,Present,Stocked,2072,21,14.1,2,1
968,Margurette,RR-SIS NF,21.4,Present,Stocked,1867,7.5,6.6,5,1
969,Wind2,WIN NF,22,Present,Stocked,1878,1,1,6,1
973,Trapper,RR-SIS NF,21.9,Present,Stocked,1866,3.5,6.6,5,1
974,Upper Palisades,MORA,13.9,Present,Stocked,1785,15.3,0.784,4.4,1
976,RD2,NOCA,19.9,Present,Stocked,412,6.4,3,10,1
977,MC7,NOCA,9.8,Present,Stocked,1556,27.2,6.7,1,1
978,LN04,MORA,9.4,Absent,No Record,1058,3.1,0.477,4,0
979,LW08,MORA,13.6,Absent,No Record,1951,2.5,0.509,1,0
980,LW15,MORA,11.8,Absent,No Record,1701,2.8,0.092,2,0
981,M19,NOCA,9.1,Present,Stocked,1427,24,5,1.666666667,1
982,LH08,MORA,21.5,Absent,No Record,1767,1,0.413,3,0
984,LC34,MORA,12.1,Absent,No Record,1759,2.5,1.197,1.5,0
985,M5,NOCA,15.8,Present,Stocked,1388,9,1,4.5,1
986,LM26,MORA,22,Absent,No Record,1430,4.7,0.601,4,0
987,LZ07,MORA,6.3,Absent,No Record,1895,0.5,0.035,1,0
988,RD5-2,NOCA,14.6,Present,Stocked,1031,5.8,0.2,6.529411765,1
989,LS3,NOCA,13.2,Present,Stocked,1365,4.9,1.5,4,1
990,EP6,NOCA,10.9,Present,Stocked,1566,19.8,3,1.5,1
991,West,GP NF,12.9,Present,Stocked,1470,9.2,2.7,6,1
992,DD8,NOCA,6.5,Absent,No Record,1600,1.9,0.9,3,0
993,M21,NOCA,8.4,Present,Stocked,1205,3.1,1.6,5,1
994,LP14,MORA,21.7,Absent,No Record,2010,0.5,0.187,1,0
995,LO35,MORA,21,Absent,No Record,1748,0.6,0.01,1.5,0
996,Green,MORA,13.5,Present,Stocked,974,29,4.986,4.333333333,1
997,LC14,MORA,15,Absent,No Record,1697,1,1.092,5,0
998,Hidden,MORA,13.9,Present,Stocked,1806,7,2.118,5,1
1000,LM03,MORA,18.5,Absent,No Record,1307,1,0.207,5,0
1001,LF12,MORA,13.1,Present,Stocked,1741,3.5,1.932,2,1
1004,ML4,NOCA,12.3,Absent,Historically,1583,6.4,3.3,2,0
1005,Eleanor,MORA,17.3,Present,Stocked,1519,16,6.951,6,1
1006,PM3,NOCA,9.1,Present,Stocked,1609,5.5,4.3,1.666666667,1
1007,LW24,MORA,15.5,Absent,No Record,1702,3.8,0.264,4,0
1008,HM4,NOCA,19.6,Present,Stocked,870,8,8.2,4,1
1009,MC21-2,NOCA,10.6,Absent,Historically,1525,3,1.6,1,0
1010,Shadow,MORA,13.5,Absent,Historically,1896,5,0.89,4,0
1011,LP12,MORA,13,Absent,No Record,1800,1,1.489,6.5,0
1012,MP8,NOCA,10.4,Absent,No Record,1566,3.7,0.9,4,0
1015,MC2,NOCA,16.3,Absent,Historically,1800,11,1.2,1,0
1016,FP4,NOCA,6,Absent,No Record,1624,33,12,3,0
1017,LM48,MORA,21,Absent,No Record,1601,1,0.029,5,0
1018,HM2,NOCA,17.5,Present,Stocked,861,19,38.4,7.5,1
1020,LP23,MORA,15.1,Absent,No Record,1462,1.2,0.082,5,0
1021,MC21-1,NOCA,4.5,Absent,Historically,1528,5,1.2,3,0
1022,M7,NOCA,12.5,Present,Stocked,1363,11,3.2,1,1
1023,LW44,MORA,11,Absent,No Record,1820,0.4,0.089,1,0
1024,Clover,MORA,17.1,Present,Stocked,1753,14.2,2.896,10,1
1025,MC6,NOCA,11.1,Present,Stocked,1601,21.3,5.2,2,1
1027,PM1,NOCA,10.2,Present,Stocked,1171,9.1,4.4,2,1
1028,Allen,MORA,11,Absent,Historically,1397,7.2,1.724,4,0
1031,LW40,MORA,12,Absent,Historically,1333,5.2,1.2,5.5,0
1032,MC17-1,NOCA,11.7,Absent,Historically,1755,13.1,4,1.333333333,0
1033,LH19,MORA,17.8,Absent,No Record,1696,1,0.138,4,0
1034,LN09,MORA,18.8,Absent,No Record,1630,1.2,0.11,3,0
1035,Eunice2,MORA,14.7,Absent,Historically,1635,20,5.323,2.777777778,0
1036,Crescent,MORA,11.7,Present,Stocked,1697,29,7.043,1,1
1038,LC13,MORA,16,Absent,No Record,1700,1,0.595,2,0
1039,LW23,MORA,9.8,Absent,No Record,1794,0.4,0.059,4,0
1041,FP7,NOCA,7.6,Absent,No Record,1378,33,32.5,1,0
1042,MC12,NOCA,11.1,Present,Stocked,1769,46.3,11.4,1,1
1043,M23,NOCA,15.3,Present,Stocked,1270,37.2,0.4,4.5,1
1044,M20,NOCA,12.2,Present,Stocked,1357,33,23.5,3,1
1046,Dick,MORA,12.5,Absent,No Record,1726,2.5,0.375,3,0
1047,LW16,MORA,15.7,Present,Stocked,982,5,0.238,4,1
1048,M6,NOCA,8.9,Absent,Historically,1632,3.6,0.6,2,0
1049,Bertha,GP NF,15.5,Present,Stocked,1574,3.1,1.2,5,1
1051,Ethel,MORA,13.4,Present,Stocked,1326,29.5,10.188,6,1
1052,Mowich,MORA,14.8,Present,Stocked,1502,59,45.418,1.857142857,1
1054,LP03,MORA,19,Absent,No Record,1494,1,0.04,4,0
1055,LN10,MORA,13,Absent,No Record,1542,1,0.277,4,0
1059,Granite,GP NF,17,Present,Stocked,1273,16.8,19.7,9,1
1060,MC1,NOCA,17.4,Absent,Historically,1762,3,1.2,5,0
1061,LW06,MORA,16.8,Absent,No Record,1761,3.6,0.365,6,0
1062,LW01,MORA,15,Absent,No Record,1709,2,0.972,4,0
1065,LS7,NOCA,12.5,Present,Stocked,1510,7.9,2.8,4,1
1066,MC17-4,NOCA,14.4,Absent,Historically,1754,4.3,0.8,2,0
1067,LW45,MORA,8,Absent,No Record,1931,1.5,0.333,1,0
1069,MSH4,NOCA,10.4,Absent,No Record,1635,8.9,1.4,1,0
1070,LM06,MORA,17.8,Absent,No Record,1747,1,0.33,2,0
1072,LN25,MORA,13,Absent,No Record,1674,1.1,0.079,2,0
1074,DD4,NOCA,6.3,Present,Stocked,1174,19,5.2,4,1
1075,LW03,MORA,11.6,Present,No Record,1526,6.4,0.869,3,1
1076,DD1,NOCA,15.4,Present,Stocked,1496,2.4,0.5,2.333333333,1
1077,MC4,NOCA,12.4,Absent,No Record,1604,4.9,0.8,2,0
1078,M1,NOCA,13.6,Present,Stocked,1159,4.3,1.6,4,1
1080,LC02,MORA,25.3,Absent,No Record,1463,1.9,0.318,6.5,0
1081,LC43,MORA,19.3,Absent,No Record,1866,0.5,0.123,1,0
1083,Harry,MORA,13.3,Present,Stocked,1730,4.2,0.501,1,1
1084,LS2,NOCA,12.1,Present,Stocked,1243,4.9,1,4.25,1
1085,UK01,MORA,16.2,Absent,No Record,1672,0.4,0.03,1,0
1086,HM3,NOCA,17.6,Present,Stocked,958,9.8,4.3,6,1
1088,LC32,MORA,12,Absent,No Record,1751,3.9,0.873,3,0
1089,LH20,MORA,19.5,Absent,No Record,1764,0.8,0.174,3,0
1090,LW22,MORA,19,Absent,No Record,1809,0.9,0.055,4,0
1091,MC17-2,NOCA,15.7,Absent,Historically,1754,5.5,0.3,2,0
1092,James,MORA,11.8,Present,Stocked,1349,23,4.979,5,1
1093,LW33,MORA,9.5,Present,Stocked,1127,2,0.13,6,1
1097,LW43,MORA,14,Absent,Historically,1580,1.7,1.57,6,0
1098,LW25,MORA,15.5,Absent,No Record,1909,0.5,0.094,3,0
1099,LW17,MORA,9.5,Present,Stocked,985,3.2,0.107,3,1
1100,LH24,MORA,12,Absent,Historically,1730,2.5,0.585,2,0
1101,LM09,MORA,13,Absent,No Record,1864,1.2,0.027,1,0
1102,Sunrise,MORA,17.6,Absent,Historically,1750,7,1.501,4.5,0
1103,RD3,NOCA,15.9,Absent,Historically,802,8.8,0.3,6.9375,0
1104,LM37,MORA,20,Absent,No Record,1525,2.5,0.448,4,0
1107,LC31,MORA,16.6,Absent,Historically,1516,5,1.125,3.333333333,0
1108,LS1,NOCA,14.1,Present,Stocked,1241,3.4,0.4,6,1
1109,ML2,NOCA,8.4,Present,Stocked,1687,27.4,3.4,1,1
1110,LC33,MORA,13,Absent,No Record,1747,1.5,1.097,2,0
1111,Bertha Mae,GP NF,16.5,Present,Stocked,1137,33.5,20.4,4,1
1114,RD5-1,NOCA,16.2,Present,Stocked,1031,3,0.1,6.533333333,1
1115,LW13,MORA,13.7,Absent,No Record,1673,2.8,0.391,6,0
1117,LW18,MORA,8,Present,No Record,991,4.9,0.177,6,1
1119,Crystal,MORA,16,Present,Stocked,1780,9.2,3.197,4,1
1120,Christine,GP NF,11.8,Present,Stocked,1464,3.7,2.1,3,1
1121,EP3,NOCA,12.9,Absent,No Record,1299,3.7,0.4,1,0
1122,LM53,MORA,26,Absent,No Record,1613,1.5,0.123,7,0
1124,MC27,NOCA,12.4,Absent,Historically,1488,8.8,4.6,1.5,0
1127,LM05,MORA,26.2,Absent,No Record,1747,0.15,0.134,2,0
1128,PM53,NOCA,17,Absent,No Record,1382,3,0.1,4.666666667,0
1130,LM11,MORA,9.5,Absent,No Record,2007,11.6,0.94,2,0
1131,LP15,MORA,20.1,Absent,No Record,2047,1,0.062,3,0
1133,George,MORA,15.1,Present,Stocked,1308,42.5,13.93,6.666666667,1
1134,LH21,MORA,18,Absent,No Record,1757,2.3,0.244,3,0
1135,LW41,MORA,14,Absent,No Record,1616,1.1,0.07,5.5,0
1136,Frozen,MORA,7,Absent,No Record,2047,6.3,1.821,3,0
1137,Blue3,RR-SIS NF,17.5,Present,Stocked,1754,8,4.3,4.5,1
1138,Lemolo,UMQ NF,18,Present,Stocked,1262,29,95.7,6.285714286,1
1139,Hemlock2,RR-SIS NF,19.5,Present,Stocked,1966,6,2.7,4,1
1140,Vulcan,RR-SIS NF,19.57,Present,Stocked,1199,7.1,1.7,2,1
1141,Dee2,RR-SIS NF,18.9,Present,Stocked,1824,1.9,6.8,9,1
1142,Cliff,RR-SIS NF,14.2,Present,Stocked,1947,3.5,3.2,4,1
1143,Babyfoot,RR-SIS NF,21.4,Present,Stocked,1257,5.3,1.6,6,1
1144,Horseshoe,RR-SIS NF,20.4,Present,Stocked,1748,3,10,6,1
1145,Island,RR-SIS NF,19.7,Present,Stocked,1802,4.1,20,7,1
1146,Alta,RR-SIS NF,21.3,Present,Stocked,2047,3.5,19,2.333333333,1
1147,Pear,RR-SIS NF,21.5,Present,Stocked,1772,5.4,6.3,4.5,1
1148,Finch,RR-SIS NF,17.9,Present,Stocked,2057,1,0.69,4,1
1149,Holst,RR-SIS NF,19.8,Present,Stocked,1889,4,1.7,3,1
1150,Carey,RR-SIS NF,22.9,Present,Stocked,1856,8,2.9,9,1
1151,High Blue Canyon,RR-SIS NF,20.4,Present,Stocked,1888,4.2,0.93,4,1
1152,Middle,RR-SIS NF,16.4,Present,Stocked,1889,3.5,9.7,2,1
1153,Round,RR-SIS NF,19.9,Present,Stocked,805,2.6,2.4,4,1
1156,Fish2,RR-SIS NF,17.1,Present,Stocked,1463,5.5,173.4,7.4,1
1158,Toketee,UMQ NF,14,Present,Stocked,792,8.5,4,4,1
1159,Wolf,WILL NF,16.1,Present,Stocked,1000,2.6,9.3,3,1
1160,Red2,RR-SIS NF,17.8,Present,Stocked,1813,0.7,12.8,4,1
1161,Beal,RR-SIS NF,21.2,Present,Stocked,1710,1.9,1.9,4,1
1164,Sluice Creek Pond,MH NF,18.6,Present,Stocked,656,2.4,0.41,4,1
1165,Pyramid,MH NF,25.2,Present,Stocked,1220,2,2.02,5,1
1167,Square,WILL NF,16.7,Present,Stocked,1668,5.3,1.4,5,1
1169,Lower Twin1,MH NF,19.8,Present,Stocked,1170,12.192,5.260905,7,1
1172,Lower,MH NF,17.6,Present,Stocked,1451,19.8,5.07,6,1
1174,Anvil,MH NF,22.9,Present,Stocked,1220,1.5,0.81,5,1
1175,Scott,WILL NF,18.4,Present,Stocked,1467,5.8,10.5,5,1
1176,Penn,WILL NF,16.6,Present,Stocked,1454,1.5,5.4,5,1
1177,Cottonwood,MH NF,20.1,Present,Stocked,1232,1.2,3.64,3,1
1178,Melakwa,WILL NF,13.4,Present,Stocked,1495,8.2,8.1,5,1
1180,Separation,WILL NF,21,Present,Stocked,991,4.9,2,3,1
1182,Wall,MH NF,16.7,Present,Stocked,1476,3.7,2.43,4,1
1184,Pansy,MH NF,22.3,Present,Stocked,1220,2,2.02,4,1
1185,Moonlight,WILL NF,18,Present,Stocked,1402,4.3,3.2,7,1
1186,Round2,MH NF,20.2,Present,Stocked,1094,7.9,3.6,4,1
1187,Timber,MH NF,19.5,Present,Stocked,460,6.7,5.7,2,1
1189,Skookum,MH NF,16,Present,Stocked,1159,1.2,1.22,5,1
1190,Silver King,MH NF,18.9,Present,Stocked,1256,1.5,1.62,6,1
1191,Dinger,MH NF,20.7,Present,Stocked,1204,5.8,5.77,5,1
1192,Mink,WILL NF,19.9,Present,Stocked,1535,29.4,61.9,5,1
1195,West Sportsman,MH NF,12.6,Present,Stocked,1243,1.5,0.81,9,1
1197,Big,WILL NF,17.4,Present,Stocked,1416,23.5,96.4,5.333333333,1
1199,Middle Horse,WILL NF,18,Present,Stocked,1412,4.6,2,9,1
1200,Memaloose,MH NF,17.5,Present,Stocked,1265,2,2.02,4,1
1201,Middle Rock,MH NF,15,Present,Stocked,1329,11,4.96,5,1
1202,Robinson,WILL NF,19.4,Present,Stocked,1067,4.3,3.2,5,1
1205,Squaw (Tumala),MH NF,22.1,Present,Stocked,1406,1.5,0.41,8,1
1207,Krag,WILL NF,15.2,Present,Stocked,1666,5.5,1.7,6,1
1208,Lancelot,WILL NF,15.7,Present,Stocked,1832,4.6,1.5,5,1
1209,Horse,WILL NF,17.1,Present,Stocked,1503,7.3,22.7,4,1
1211,Surprise3,MH NF,20.9,Present,Stocked,1281,1.4,1.42,5,1
1214,Sheep3,MH NF,20.2,Present,Stocked,1265,2,2.02,5,1
1218,Honey,WILL NF,17.7,Present,Stocked,1692,10.4,5.3,4,1
1219,Red,MH NF,22.8,Present,Stocked,1402,1.5,2.43,6,1
1220,Prince,WILL NF,18.7,Present,Stocked,1281,3.9,2.2,5,1
1221,Welcome,MH NF,12.6,Present,Stocked,1220,2.4,2.23,5,1
1223,Bump,MH NF,24.2,Present,Stocked,1244,4.6,1.62,6,1
1224,Mac,WILL NF,22.3,Present,Stocked,1555,14.9,8.7,7,1
1225,Kidney,WILL NF,18.3,Present,Stocked,1666,4.7,4.1,6,1
1226,Moolack,WILL NF,15.2,Present,Stocked,1330,6.1,4.5,5,1
1228,Benson,WILL NF,13.6,Present,Stocked,1582,16.2,8.2,5,1
1231,Davey,MH NF,21.6,Present,Stocked,1573,4.6,0.81,7,1
1232,Averill,MH NF,17.2,Present,Stocked,1427,4,5.26,6,1
1234,Hideaway,MH NF,21.5,Present,Stocked,1256,9.2,6.07,5,1
1235,Timothy,MH NF,17.4,Present,Stocked,988,24.4,561.9,11.33333333,1
1236,Campers,WILL NF,12.9,Present,Stocked,1500,4,2.6,5,1
1237,Serene2,MH NF,19,Present,Stocked,1300,14,10.12,4,1
1239,Buck,MH NF,21.8,Present,Stocked,1244,9.2,4.05,4,1
1240,Elk2,MH NF,19.6,Present,Stocked,1134,9.2,25.91,4,1
1242,Denude,WILL NF,16.4,Present,Stocked,1829,4.9,2.4,6,1
1243,Lost3,WILL NF,13.2,Present,Stocked,1214,2.7,34.4,7,1
1244,Si,MH NF,18.2,Present,Stocked,1268,3.4,3.04,5,1
1245,Porky,WILL NF,22.5,Present,Stocked,1474,5.8,13.5,5,1
1247,Upper Big Slide,MH NF,12.4,Present,Stocked,1293,3.4,0.41,4,1
1250,Blue2,DES NF,14.9,Present,Stocked,1640,95.7,21.9,4,1
1251,Nash,WILL NF,18,Present,Stocked,1506,11.9,10.5,4.5,1
1252,Big Slide,MH NF,11,Present,Stocked,1281,3.1,1.22,5,1
1253,Clear2,WILL NF,11.3,Present,Stocked,918,52.7,59.9,3,1
1255,Shining,MH NF,20.9,Present,Stocked,1067,7.9,6.48,5,1
1258,Shellrock,MH NF,23.4,Present,Stocked,1281,6.9,6.88,6,1
1264,S,DES NF,22,Present,Stocked,1567,2.4,3.2,4,1
1265,LO08,MORA,19,Absent,No Record,1505,2.9,0.306,2.666666667,0
1266,LZ08,MORA,23.1,Absent,No Record,1811,0.5,0.046,1,0
1267,Rock,GP NF,11.5,Present,Stocked,1451,3.4,0.8,5,1
1268,LZ03,MORA,11,Absent,No Record,1873,1,0.233,1.333333333,0
1269,Trillium,MH NF,13.7,Present,Stocked,1098,4.9,25.51,10,1
1271,Long,GP NF,18.5,Present,Stocked,1037,4.3,2.3,5.5,1
1272,Dumbbell,MH NF,20.8,Present,Stocked,1265,1.2,1.22,5,1
1274,Sheep2,GP NF,16,Absent,No Record,1757,2.1,0.2,5,0
1275,Burnt,MH NF,19.3,Present,Stocked,1265,7.9,2.03,4,1
1276,Art,GP NF,16.9,Present,Stocked,1169,3.7,1,3,1
1278,LO17,MORA,26,Absent,No Record,1465,1.2,0.175,2,0
1279,Bench,MORA,19.5,Present,Stocked,1384,11,2.876,17,1
1280,LZ17,MORA,18.4,Absent,No Record,1582,2.1,0.185,3,0
1281,Lemei,GP NF,25.5,Present,Stocked,1482,2.1,2.1,5,1
1282,Salmon,MH NF,13.4,Present,Stocked,1165,1.2,0.41,4,1
1283,LZ05,MORA,11,Absent,No Record,1884,1,0.13,1,0
1284,Elk,GP NF,22,Present,Stocked,1428,4.9,4.8,5,1
1285,Willame,GP NF,17.7,Present,Stocked,1238,4.3,3.8,4,1
1287,Deer2,GP NF,23,Present,Stocked,1488,3.1,1.9,6,1
1288,Veda,MH NF,13,Present,Stocked,1305,4.3,0.81,7,1
1291,Louise,MORA,14.8,Present,Stocked,1401,17.2,7.325,3,1
1292,LZ12,MORA,15.9,Absent,No Record,1652,1,0.021,5,0
1293,Snow,MORA,9.8,Present,Stocked,1426,10.7,2.386,3.2,1
1294,Wood,GP NF,15,Present,Stocked,1482,3.4,4.5,5,1
1295,Bluff,GP NF,14.5,Present,Stocked,1171,10.1,1.6,7,1
1296,LZ19,MORA,16.9,Absent,No Record,1586,2,0.128,4,0
1297,LZ25,MORA,20,Absent,Historically,1203,2.5,2.23,8,0
1298,LZ16,MORA,13.7,Absent,No Record,1606,1,0.032,6,0
1299,Dee,GP NF,25,Present,Stocked,1311,2.1,1.1,6,1
1300,Plaza,MH NF,22.3,Present,Stocked,1118,3.1,2.02,6,1
1301,LO21,MORA,18.5,Absent,No Record,1452,1.3,0.134,3.5,0
1302,LZ26,MORA,19,Absent,Historically,1204,3.2,0.642,5.5,0
1303,LZ15,MORA,16.7,Absent,No Record,1626,1.4,0.211,4,0
1304,LO19,MORA,18.9,Absent,Historically,1425,4,1.684,5,0
1306,LZ35,MORA,16,Present,Stocked,1352,10.5,5.742,4.222222222,1
1307,Synder,GP NF,10.4,Present,Stocked,620,2.4,7,2,1
1308,LZ04,MORA,11,Absent,No Record,1893,1,0.149,1,0
1309,Heather,GP NF,24.5,Present,Stocked,1311,2.4,1,6,1
1310,Wind,MH NF,15.3,Present,Stocked,1415,0.9,0.81,4,1
1311,Glacier,GP NF,10.1,Present,Stocked,886,31.7,10.5,3,1
1312,LO28,MORA,20.9,Absent,No Record,924,1.9,0.74,6,0
1315,Upper Goodfellow,MH NF,18.6,Present,Stocked,952,12.2,8.5,5,1
1316,Chenamus,GP NF,14.5,Present,Stocked,1294,1.8,1.5,4,1
1317,Eunice,GP NF,18.5,Present,Stocked,1316,7,1.9,5,1
1318,Lower Goodfellow,MH NF,20.2,Present,Stocked,867,2.7,4.05,6,1
1319,Mirror,MH NF,19.6,Present,Stocked,1256,5.5,2.02,7,1
1320,Island Pond,GP NF,12.5,Present,Stocked,1642,6.4,1.7,4,1
1321,Reflection,MORA,17.1,Present,Stocked,1479,11.5,6.737,6,1
1322,Hager,GP NF,16.9,Present,Stocked,879,12.2,1.8,4,1
1323,LZ14,MORA,17.4,Absent,No Record,1625,1.3,0.045,4.5,0
1324,Shriner,MORA,18.9,Absent,No Record,1490,3.5,1.68,10,0
1325,LZ18,MORA,11.2,Absent,No Record,1608,0.8,0.049,4,0
1326,Cast,MH NF,18.5,Present,Stocked,1348,1.6,1.62,4,1
1328,Upper Snowshoe,DES NF,23.3,Present,Stocked,1543,3.4,10.9,5,1
1329,Pygmy,DES NF,21.2,Present,Stocked,1707,13.1,16.2,4,1
1330,Wahtum,MH NF,16.3,Present,Stocked,1135,48.8,26.72,4,1
1331,Big Lava,DES NF,12,Present,Stocked,1445,10,142.5,5.5,1
1333,Navaho,DES NF,22.8,Present,Stocked,1601,3.7,1.5,5,1
1334,Clear,MH NF,5.9,Present,Stocked,1072,6.7056,192.225375,9,1
1335,Hidden1,GP NF,18.5,Present,Stocked,1244,1.5,3.6,6,1
1337,Hosmer,DES NF,17.7,Present,Stocked,1514,3.4,64.8,5.5,1
1338,Green,MH NF,24.5,Present,Stocked,1390,0.5,0.81,9,1
1339,Timmy,DES NF,23.4,Present,Stocked,1707,5.5,0.5,8,1
1340,Winopee,DES NF,21.2,Present,Stocked,1510,13.1,16.2,7,1
1341,South Barbie,DES NF,17.9,Present,Stocked,1723,4,0.6,6,1
1342,Johnny,DES NF,13.1,Present,Stocked,1631,6.4,8.1,4,1
1343,Merle,DES NF,24.3,Present,Stocked,1607,6.4,3.2,7,1
1345,East Hanks,DES NF,14.3,Present,Stocked,1631,9.2,1.8,4,1
1346,Warren,MH NF,17.3,Present,Stocked,1138,2.4,2.02,6,1
1347,Lower Twin2,MH NF,16.9,Present,Stocked,1152,5.5,7.69,5,1
1348,Comma,DES NF,24.5,Present,Stocked,1451,1.8,6.9,5,1
1349,East,DES NF,12.4,Present,Stocked,1942,54.9,422.7,8,1
1350,Puppy,DES NF,21.6,Present,Stocked,1584,4.6,3.8,6,1
1351,Tranquil,DES NF,18,Present,Stocked,1738,3.7,1.2,3,1
1352,Surprise2,GP NF,6.5,Absent,No Record,1274,3.4,1.4,5,0
1353,Ottertail,MH NF,19.6,Present,Stocked,1156,0.9,1.22,9,1
1354,South Teddy,DES NF,21.3,Present,Stocked,1494,3.1,5.3,5,1
1355,Lady,DES NF,21,Present,Stocked,1738,4.3,0.7,6,1
1356,Middle Hanks,DES NF,13.8,Present,Stocked,1646,6.1,2.4,5,1
1357,Looking Glass,GP NF,7.5,Present,Stocked,1701,5.5,0.4,6,1
1360,Forlorn#4,GP NF,24.5,Present,Stocked,1128,2.2,1.3,2,1
1361,Rainy,MH NF,9,Present,Stocked,1250,4,3.24,4,1
1362,Jean,MH NF,14.6,Present,Stocked,1634,6.1,2.02,4,1
1363,Forlorn,GP NF,20.2,Present,Stocked,1122,6.4,5.1,6,1
1364,Umtax,GP NF,20,Present,Stocked,1220,1.8,0.6,6,1
1365,Charlton,DES NF,18.3,Present,Stocked,1735,29,63.2,3,1
1367,Comcomly,GP NF,14.8,Present,Stocked,1299,2.3,1.3,6,1
1368,Basin#4,GP NF,12,Present,Stocked,1293,3.4,0.7,6,1
1370,Red Slide,DES NF,22.1,Present,Stocked,1732,5.5,0.7,5,1
1371,Kershaw,DES NF,18.9,Present,Stocked,1643,4,6.1,5,1
1372,Blue,GP NF,14.5,Present,Stocked,1415,14,5.1,5,1
1373,Little Boulder,MH NF,18.7,Present,Stocked,1402,1.3,2.43,4,1
1374,Middle Snowshoe,DES NF,21.7,Present,Stocked,1540,4.9,1.5,8,1
1375,Cultus,DES NF,17.8,Present,Stocked,1418,64.3,317.8,7,1
1377,Frog,MH NF,19.9,Present,Stocked,1183,14,7.69,5,1
1378,Lindick,DES NF,19.2,Present,Stocked,1873,7.6,2.7,5,1
1379,Paulina,DES NF,12.9,Present,Stocked,1930,76.2,619.8,6.666666667,1
1380,Simon,DES NF,18,Present,Stocked,1738,4.1,0.7,3,1
1381,Hidden3,GP NF,16.8,Present,Stocked,1244,2.3,1,9,1
1382,Stormy,DES NF,19.6,Present,Stocked,1843,5.5,0.9,4,1
1383,Lemish,DES NF,17.6,Present,Stocked,1572,3.4,6.5,6.5,1
1384,Copper,DES NF,19.8,Present,Stocked,1738,4.1,0.4,5,1
1388,Little Steamboat,GP NF,15.5,Present,Stocked,1195,2.1,1.4,2,1
1389,Sahalee Tyee,GP NF,11.1,Present,Stocked,1195,22.6,2.1,2,1
1391,West Hanks,DES NF,19,Present,Stocked,1670,3.7,6.1,3,1
1392,Forlorn#3,GP NF,21,Present,Stocked,1128,1.2,2.7,2,1
1393,Badger,MH NF,13.9,Present,Stocked,1482,13.1,18.22,8,1
1395,Josephine,DES NF,20.9,Present,Stocked,1833,2.9,0.9,3,1
1396,Toke Tie,GP NF,22,Present,Stocked,1439,3.4,1.1,4,1
1397,Little Cultus,DES NF,17.5,Present,Stocked,1451,16.8,63.2,6,1
1398,Tombstone,GP NF,21,Present,Stocked,1390,3.4,0.6,5,1
1399,Little Rock,GP NF,10.5,Present,Stocked,1451,2.1,0.4,5,1
1400,Long3,DES NF,23.2,Present,Stocked,1575,2.7,3.2,4,1
1401,Hidden2,GP NF,18,Present,Stocked,1244,1.9,1.7,1,1
1402,North,MH NF,14.9,Present,Stocked,860,1.8,3.24,4,1
1403,Catalpa,MH NF,15.7,Present,Stocked,1348,1.2,1.22,3,1
1404,Lodgepole,DES NF,23.2,Present,Stocked,1613,4.3,1.3,7,1
1406,Clark,DES NF,19.6,Present,Stocked,1721,4.6,0.5,6,1
1407,Gleneden,DES NF,21,Present,Stocked,1757,4.6,0.4,5,1
1409,Heather2,DES NF,19.8,Present,Stocked,1704,3.7,1.5,5,1
1410,South Prairie,GP NF,18.8,Present,Stocked,915,2.8,3.3,6,1
1412,Cathy,DES NF,18.1,Present,Stocked,1677,5.5,1.2,3,1
1413,North Twin,DES NF,20.3,Present,Stocked,1323,19.2,45.3,7,1
1414,Upper Twin2,MH NF,18.2,Present,Stocked,1265,1.2,5.67,4,1
1415,Dennis,DES NF,18.3,Present,Stocked,1918,12.8,3.5,2,1
1418,Rock Rim,DES NF,20.2,Present,Stocked,1840,3.7,1.5,5,1
1420,Forlorn#2,GP NF,19.8,Present,Stocked,1122,2.7,5.9,7,1
1421,Sundew,DES NF,18.9,Present,Stocked,1662,2.7,1.2,7,1
1422,Laurance,MH NF,17.2,Present,Stocked,902,32,50.6,7.363636364,1
1423,Scout,MH NF,20.9,Present,Stocked,1221,2.1,0.81,3,1
1426,Phantom,DES NF,17.8,Present,Stocked,1670,2,1.5,6,1
1427,Lost2,MH NF,17.6,Present,Stocked,958,53.4,93.52,4,1
1428,North Teddy,DES NF,22.8,Present,Stocked,1503,8.5,12.2,4,1
1429,Brahma,DES NF,21,Present,Stocked,1725,3.7,4.9,5,1
1430,Bear2,MH NF,22.8,Present,Stocked,1190,3.1,1.22,8,1
1438,LIZ3,MORA,9.9,Absent,No Record,1589,0.3,0.04,3,0
1439,LIZ4,MORA,16.4,Absent,No Record,1630,0.66,0.05,4,0
1440,LO22,MORA,18.9,Absent,No Record,1534,1.2,0.095,4,0
1441,UK13,MORA,15.7,Absent,No Record,1733,0.75,0.04,1,0
